model,group,anomaly_type,support,recall
random_forest,baseline,amplitude_decrease,71,0.8309859154929577
random_forest,baseline,amplitude_increase,83,0.927710843373494
random_forest,baseline,dc_offset_change,84,0.9642857142857143
random_forest,baseline,frequency_change,71,0.39436619718309857
random_forest,baseline,temporary_amplitude,66,0.4696969696969697
random_forest,amplitude_offset,amplitude_decrease,71,1.0
random_forest,amplitude_offset,amplitude_increase,83,1.0
random_forest,amplitude_offset,dc_offset_change,84,0.9880952380952381
random_forest,amplitude_offset,frequency_change,71,0.5211267605633803
random_forest,amplitude_offset,temporary_amplitude,66,1.0
random_forest,frequency,amplitude_decrease,71,0.8591549295774648
random_forest,frequency,amplitude_increase,83,0.9879518072289156
random_forest,frequency,dc_offset_change,84,1.0
random_forest,frequency,frequency_change,71,1.0
random_forest,frequency,temporary_amplitude,66,0.8181818181818182
random_forest,combined,amplitude_decrease,71,1.0
random_forest,combined,amplitude_increase,83,1.0
random_forest,combined,dc_offset_change,84,0.9880952380952381
random_forest,combined,frequency_change,71,1.0
random_forest,combined,temporary_amplitude,66,1.0
svm,baseline,amplitude_decrease,71,0.8873239436619719
svm,baseline,amplitude_increase,83,0.8795180722891566
svm,baseline,dc_offset_change,84,0.9761904761904762
svm,baseline,frequency_change,71,0.39436619718309857
svm,baseline,temporary_amplitude,66,0.3787878787878788
svm,amplitude_offset,amplitude_decrease,71,1.0
svm,amplitude_offset,amplitude_increase,83,1.0
svm,amplitude_offset,dc_offset_change,84,0.9880952380952381
svm,amplitude_offset,frequency_change,71,0.5915492957746479
svm,amplitude_offset,temporary_amplitude,66,0.9242424242424242
svm,frequency,amplitude_decrease,71,0.9014084507042254
svm,frequency,amplitude_increase,83,0.8795180722891566
svm,frequency,dc_offset_change,84,1.0
svm,frequency,frequency_change,71,0.9014084507042254
svm,frequency,temporary_amplitude,66,0.3787878787878788
svm,combined,amplitude_decrease,71,1.0
svm,combined,amplitude_increase,83,1.0
svm,combined,dc_offset_change,84,0.9880952380952381
svm,combined,frequency_change,71,0.9436619718309859
svm,combined,temporary_amplitude,66,0.9090909090909091
