model,anomaly_type,support,correct,missed,recall,recall_ci_low,recall_ci_high
random_forest,amplitude_decrease,30,27,3,0.9,0.7437891742081593,0.9654001112526658
random_forest,amplitude_increase,19,19,0,1.0,0.8318207759473838,1.0
random_forest,dc_offset_change,31,31,0,1.0,0.889744604539564,1.0
random_forest,frequency_change,22,10,12,0.45454545454545453,0.2692029418081332,0.6534020467926506
random_forest,temporary_amplitude,23,14,9,0.6086956521739131,0.4078552239138171,0.7784237720752205
svm,amplitude_decrease,30,26,4,0.8666666666666667,0.7031867331796372,0.9469034451594526
svm,amplitude_increase,19,19,0,1.0,0.8318207759473838,1.0
svm,dc_offset_change,31,31,0,1.0,0.889744604539564,1.0
svm,frequency_change,22,9,13,0.4090909090909091,0.23255816196471876,0.6126518152368488
svm,temporary_amplitude,23,10,13,0.43478260869565216,0.25634635325674204,0.6318862491498353
