model,class,anomaly_type,predicted_class,errors
random_forest,anomalous,amplitude_decrease,noisy,2
random_forest,anomalous,amplitude_decrease,normal,1
random_forest,anomalous,frequency_change,distorted,5
random_forest,anomalous,frequency_change,normal,7
random_forest,anomalous,temporary_amplitude,distorted,4
random_forest,anomalous,temporary_amplitude,noisy,3
random_forest,anomalous,temporary_amplitude,normal,2
random_forest,distorted,,anomalous,1
random_forest,distorted,,normal,13
random_forest,noisy,,anomalous,3
random_forest,noisy,,distorted,1
random_forest,normal,,distorted,9
svm,anomalous,amplitude_decrease,distorted,1
svm,anomalous,amplitude_decrease,noisy,3
svm,anomalous,frequency_change,distorted,4
svm,anomalous,frequency_change,normal,9
svm,anomalous,temporary_amplitude,distorted,5
svm,anomalous,temporary_amplitude,noisy,4
svm,anomalous,temporary_amplitude,normal,4
svm,distorted,,anomalous,1
svm,distorted,,normal,18
svm,noisy,,anomalous,1
svm,noisy,,distorted,2
svm,normal,,distorted,12
