model,anomaly_type,correct,feature,support,median,normal_train_q05,normal_train_q95,fraction_inside_normal_train_range
random_forest,amplitude_decrease,False,mean,3,0.0611815050274183,-0.07668776865814317,0.07521614508997318,1.0
random_forest,amplitude_decrease,False,rms,3,0.5854545664981008,0.5811182082405948,0.8316464413793742,0.6666666666666666
random_forest,amplitude_decrease,False,max,3,1.0851333392180385,0.8210750535159687,1.1895604241486606,0.6666666666666666
random_forest,amplitude_decrease,False,min,3,-1.0350182825602512,-1.1935855830968416,-0.8284944620254199,1.0
random_forest,amplitude_decrease,False,peak_to_peak,3,2.1201516217782896,1.654496587626095,2.3680589545954835,0.6666666666666666
random_forest,amplitude_decrease,False,std,3,0.5822489784242297,0.5801049553144333,0.8314951819479247,0.6666666666666666
random_forest,amplitude_decrease,False,dominant_frequency,3,1000.0,800.0,1200.0,1.0
random_forest,amplitude_decrease,False,spectral_energy,3,43312.72999676332,42341.72930298116,86715.54013577045,1.0
random_forest,amplitude_decrease,False,second_harmonic_ratio,3,0.0565308266978992,0.00637978706857971,0.11937532175055109,1.0
random_forest,amplitude_decrease,False,third_harmonic_ratio,3,0.0541621576000603,0.00297780317098929,0.06119213125447264,1.0
random_forest,amplitude_decrease,True,mean,27,0.005979898763479,-0.07668776865814317,0.07521614508997318,0.9259259259259259
random_forest,amplitude_decrease,True,rms,27,0.4703527063772251,0.5811182082405948,0.8316464413793742,0.07407407407407407
random_forest,amplitude_decrease,True,max,27,0.9706811819379249,0.8210750535159687,1.1895604241486606,0.9259259259259259
random_forest,amplitude_decrease,True,min,27,-0.9383869289121736,-1.1935855830968416,-0.8284944620254199,0.8148148148148148
random_forest,amplitude_decrease,True,peak_to_peak,27,1.8761168233393968,1.654496587626095,2.3680589545954835,0.8888888888888888
random_forest,amplitude_decrease,True,std,27,0.4678038367167331,0.5801049553144333,0.8314951819479247,0.07407407407407407
random_forest,amplitude_decrease,True,dominant_frequency,27,1000.0,800.0,1200.0,1.0
random_forest,amplitude_decrease,True,spectral_energy,27,27952.86563259664,42341.72930298116,86715.54013577045,0.07407407407407407
random_forest,amplitude_decrease,True,second_harmonic_ratio,27,0.0482951669738788,0.00637978706857971,0.11937532175055109,0.9259259259259259
random_forest,amplitude_decrease,True,third_harmonic_ratio,27,0.0222899801582751,0.00297780317098929,0.06119213125447264,0.9259259259259259
random_forest,amplitude_increase,True,mean,19,0.0248620215927669,-0.07668776865814317,0.07521614508997318,0.8947368421052632
random_forest,amplitude_increase,True,rms,19,1.1142474627046586,0.5811182082405948,0.8316464413793742,0.0
random_forest,amplitude_increase,True,max,19,1.7883750420003306,0.8210750535159687,1.1895604241486606,0.0
random_forest,amplitude_increase,True,min,19,-1.7999214687338645,-1.1935855830968416,-0.8284944620254199,0.0
random_forest,amplitude_increase,True,peak_to_peak,19,3.5591784254198737,1.654496587626095,2.3680589545954835,0.0
random_forest,amplitude_increase,True,std,19,1.112786856035891,0.5801049553144333,0.8314951819479247,0.0
random_forest,amplitude_increase,True,dominant_frequency,19,1000.0,800.0,1200.0,1.0
random_forest,amplitude_increase,True,spectral_energy,19,155600.90307961957,42341.72930298116,86715.54013577045,0.0
random_forest,amplitude_increase,True,second_harmonic_ratio,19,0.0494733698962453,0.00637978706857971,0.11937532175055109,0.9473684210526315
random_forest,amplitude_increase,True,third_harmonic_ratio,19,0.0245396390511276,0.00297780317098929,0.06119213125447264,0.9473684210526315
random_forest,dc_offset_change,True,mean,31,0.2104562719160594,-0.07668776865814317,0.07521614508997318,0.0
random_forest,dc_offset_change,True,rms,31,0.8339128094628997,0.5811182082405948,0.8316464413793742,0.45161290322580644
random_forest,dc_offset_change,True,max,31,1.317327450196112,0.8210750535159687,1.1895604241486606,0.3870967741935484
random_forest,dc_offset_change,True,min,31,-1.1231304841310423,-1.1935855830968416,-0.8284944620254199,0.5161290322580645
random_forest,dc_offset_change,True,peak_to_peak,31,2.6687715930537976,1.654496587626095,2.3680589545954835,0.1935483870967742
random_forest,dc_offset_change,True,std,31,0.7882147095934092,0.5801049553144333,0.8314951819479247,0.6451612903225806
random_forest,dc_offset_change,True,dominant_frequency,31,1000.0,800.0,1200.0,1.0
random_forest,dc_offset_change,True,spectral_energy,31,99706.45832214828,42341.72930298116,86715.54013577045,0.3870967741935484
random_forest,dc_offset_change,True,second_harmonic_ratio,31,0.0365791843680094,0.00637978706857971,0.11937532175055109,0.8387096774193549
random_forest,dc_offset_change,True,third_harmonic_ratio,31,0.0221063649867458,0.00297780317098929,0.06119213125447264,0.8709677419354839
random_forest,frequency_change,False,mean,12,-0.0264383984688785,-0.07668776865814317,0.07521614508997318,0.9166666666666666
random_forest,frequency_change,False,rms,12,0.7187713556655478,0.5811182082405948,0.8316464413793742,0.75
random_forest,frequency_change,False,max,12,1.0068285690223093,0.8210750535159687,1.1895604241486606,0.8333333333333334
random_forest,frequency_change,False,min,12,-1.016586204811514,-1.1935855830968416,-0.8284944620254199,0.9166666666666666
random_forest,frequency_change,False,peak_to_peak,12,2.033351975418185,1.654496587626095,2.3680589545954835,0.9166666666666666
random_forest,frequency_change,False,std,12,0.7169752841769486,0.5801049553144333,0.8314951819479247,0.75
random_forest,frequency_change,False,dominant_frequency,12,900.0,800.0,1200.0,1.0
random_forest,frequency_change,False,spectral_energy,12,64902.2800891747,42341.72930298116,86715.54013577045,0.75
random_forest,frequency_change,False,second_harmonic_ratio,12,0.0854983675876733,0.00637978706857971,0.11937532175055109,0.6666666666666666
random_forest,frequency_change,False,third_harmonic_ratio,12,0.040897876490722504,0.00297780317098929,0.06119213125447264,0.8333333333333334
random_forest,frequency_change,True,mean,10,-0.0022998401224177505,-0.07668776865814317,0.07521614508997318,0.8
random_forest,frequency_change,True,rms,10,0.6874275135549348,0.5811182082405948,0.8316464413793742,0.8
random_forest,frequency_change,True,max,10,1.0117232104868115,0.8210750535159687,1.1895604241486606,0.6
random_forest,frequency_change,True,min,10,-0.9483304362655094,-1.1935855830968416,-0.8284944620254199,1.0
random_forest,frequency_change,True,peak_to_peak,10,1.9604303699093162,1.654496587626095,2.3680589545954835,0.9
random_forest,frequency_change,True,std,10,0.6837834513147742,0.5801049553144333,0.8314951819479247,0.8
random_forest,frequency_change,True,dominant_frequency,10,1400.0,800.0,1200.0,0.1
random_forest,frequency_change,True,spectral_energy,10,59814.5242982467,42341.72930298116,86715.54013577045,0.8
random_forest,frequency_change,True,second_harmonic_ratio,10,0.05368866889420319,0.00637978706857971,0.11937532175055109,0.6
random_forest,frequency_change,True,third_harmonic_ratio,10,0.02098463454776765,0.00297780317098929,0.06119213125447264,0.9
random_forest,temporary_amplitude,False,mean,9,0.0403799152965285,-0.07668776865814317,0.07521614508997318,1.0
random_forest,temporary_amplitude,False,rms,9,0.7402710042728068,0.5811182082405948,0.8316464413793742,1.0
random_forest,temporary_amplitude,False,max,9,1.1949058828832697,0.8210750535159687,1.1895604241486606,0.4444444444444444
random_forest,temporary_amplitude,False,min,9,-1.1477445771326753,-1.1935855830968416,-0.8284944620254199,0.6666666666666666
random_forest,temporary_amplitude,False,peak_to_peak,9,2.365517110500357,1.654496587626095,2.3680589545954835,0.5555555555555556
random_forest,temporary_amplitude,False,std,9,0.7397707703035518,0.5801049553144333,0.8314951819479247,1.0
random_forest,temporary_amplitude,False,dominant_frequency,9,1000.0,800.0,1200.0,1.0
random_forest,temporary_amplitude,False,spectral_energy,9,68593.88994975995,42341.72930298116,86715.54013577045,1.0
random_forest,temporary_amplitude,False,second_harmonic_ratio,9,0.0885023492082134,0.00637978706857971,0.11937532175055109,0.7777777777777778
random_forest,temporary_amplitude,False,third_harmonic_ratio,9,0.0428973392667366,0.00297780317098929,0.06119213125447264,0.6666666666666666
random_forest,temporary_amplitude,True,mean,14,-0.00988944758159665,-0.07668776865814317,0.07521614508997318,1.0
random_forest,temporary_amplitude,True,rms,14,0.9198270957956471,0.5811182082405948,0.8316464413793742,0.21428571428571427
random_forest,temporary_amplitude,True,max,14,1.9226607587006888,0.8210750535159687,1.1895604241486606,0.35714285714285715
random_forest,temporary_amplitude,True,min,14,-1.8773089795449165,-1.1935855830968416,-0.8284944620254199,0.35714285714285715
random_forest,temporary_amplitude,True,peak_to_peak,14,3.792166015562965,1.654496587626095,2.3680589545954835,0.35714285714285715
random_forest,temporary_amplitude,True,std,14,0.9187424166411913,0.5801049553144333,0.8314951819479247,0.21428571428571427
random_forest,temporary_amplitude,True,dominant_frequency,14,1100.0,800.0,1200.0,1.0
random_forest,temporary_amplitude,True,spectral_energy,14,106046.6642038761,42341.72930298116,86715.54013577045,0.21428571428571427
random_forest,temporary_amplitude,True,second_harmonic_ratio,14,0.05991341359208815,0.00637978706857971,0.11937532175055109,0.9285714285714286
random_forest,temporary_amplitude,True,third_harmonic_ratio,14,0.03003299386447265,0.00297780317098929,0.06119213125447264,1.0
svm,amplitude_decrease,False,mean,4,0.0009422820970286013,-0.07668776865814317,0.07521614508997318,0.75
svm,amplitude_decrease,False,rms,4,0.5932733477509214,0.5811182082405948,0.8316464413793742,0.75
svm,amplitude_decrease,False,max,4,1.1466328622683863,0.8210750535159687,1.1895604241486606,0.5
svm,amplitude_decrease,False,min,4,-1.1363465458145694,-1.1935855830968416,-0.8284944620254199,0.75
svm,amplitude_decrease,False,peak_to_peak,4,2.2987978679990517,1.654496587626095,2.3680589545954835,0.5
svm,amplitude_decrease,False,std,4,0.5914753469776489,0.5801049553144333,0.8314951819479247,0.75
svm,amplitude_decrease,False,dominant_frequency,4,1000.0,800.0,1200.0,1.0
svm,amplitude_decrease,False,spectral_energy,4,44267.70526850092,42341.72930298116,86715.54013577045,0.75
svm,amplitude_decrease,False,second_harmonic_ratio,4,0.0582170594310668,0.00637978706857971,0.11937532175055109,1.0
svm,amplitude_decrease,False,third_harmonic_ratio,4,0.0316612560855274,0.00297780317098929,0.06119213125447264,1.0
svm,amplitude_decrease,True,mean,26,0.0061335226327370995,-0.07668776865814317,0.07521614508997318,0.9615384615384616
svm,amplitude_decrease,True,rms,26,0.46126129941350547,0.5811182082405948,0.8316464413793742,0.038461538461538464
svm,amplitude_decrease,True,max,26,0.9697740854563066,0.8210750535159687,1.1895604241486606,0.9615384615384616
svm,amplitude_decrease,True,min,26,-0.9381600721969838,-1.1935855830968416,-0.8284944620254199,0.8461538461538461
svm,amplitude_decrease,True,peak_to_peak,26,1.8689438581491813,1.654496587626095,2.3680589545954835,0.9230769230769231
svm,amplitude_decrease,True,std,26,0.45907455671275377,0.5801049553144333,0.8314951819479247,0.038461538461538464
svm,amplitude_decrease,True,dominant_frequency,26,1000.0,800.0,1200.0,1.0
svm,amplitude_decrease,True,spectral_energy,26,27033.069244710154,42341.72930298116,86715.54013577045,0.07692307692307693
svm,amplitude_decrease,True,second_harmonic_ratio,26,0.04587164177562415,0.00637978706857971,0.11937532175055109,0.9230769230769231
svm,amplitude_decrease,True,third_harmonic_ratio,26,0.021773795491901997,0.00297780317098929,0.06119213125447264,0.9230769230769231
svm,amplitude_increase,True,mean,19,0.0248620215927669,-0.07668776865814317,0.07521614508997318,0.8947368421052632
svm,amplitude_increase,True,rms,19,1.1142474627046586,0.5811182082405948,0.8316464413793742,0.0
svm,amplitude_increase,True,max,19,1.7883750420003306,0.8210750535159687,1.1895604241486606,0.0
svm,amplitude_increase,True,min,19,-1.7999214687338645,-1.1935855830968416,-0.8284944620254199,0.0
svm,amplitude_increase,True,peak_to_peak,19,3.5591784254198737,1.654496587626095,2.3680589545954835,0.0
svm,amplitude_increase,True,std,19,1.112786856035891,0.5801049553144333,0.8314951819479247,0.0
svm,amplitude_increase,True,dominant_frequency,19,1000.0,800.0,1200.0,1.0
svm,amplitude_increase,True,spectral_energy,19,155600.90307961957,42341.72930298116,86715.54013577045,0.0
svm,amplitude_increase,True,second_harmonic_ratio,19,0.0494733698962453,0.00637978706857971,0.11937532175055109,0.9473684210526315
svm,amplitude_increase,True,third_harmonic_ratio,19,0.0245396390511276,0.00297780317098929,0.06119213125447264,0.9473684210526315
svm,dc_offset_change,True,mean,31,0.2104562719160594,-0.07668776865814317,0.07521614508997318,0.0
svm,dc_offset_change,True,rms,31,0.8339128094628997,0.5811182082405948,0.8316464413793742,0.45161290322580644
svm,dc_offset_change,True,max,31,1.317327450196112,0.8210750535159687,1.1895604241486606,0.3870967741935484
svm,dc_offset_change,True,min,31,-1.1231304841310423,-1.1935855830968416,-0.8284944620254199,0.5161290322580645
svm,dc_offset_change,True,peak_to_peak,31,2.6687715930537976,1.654496587626095,2.3680589545954835,0.1935483870967742
svm,dc_offset_change,True,std,31,0.7882147095934092,0.5801049553144333,0.8314951819479247,0.6451612903225806
svm,dc_offset_change,True,dominant_frequency,31,1000.0,800.0,1200.0,1.0
svm,dc_offset_change,True,spectral_energy,31,99706.45832214828,42341.72930298116,86715.54013577045,0.3870967741935484
svm,dc_offset_change,True,second_harmonic_ratio,31,0.0365791843680094,0.00637978706857971,0.11937532175055109,0.8387096774193549
svm,dc_offset_change,True,third_harmonic_ratio,31,0.0221063649867458,0.00297780317098929,0.06119213125447264,0.8709677419354839
svm,frequency_change,False,mean,13,-0.0262316899621465,-0.07668776865814317,0.07521614508997318,0.8461538461538461
svm,frequency_change,False,rms,13,0.7171499082730064,0.5811182082405948,0.8316464413793742,0.7692307692307693
svm,frequency_change,False,max,13,0.9968029920283712,0.8210750535159687,1.1895604241486606,0.8461538461538461
svm,frequency_change,False,min,13,-1.0095347259232734,-1.1935855830968416,-0.8284944620254199,0.9230769230769231
svm,frequency_change,False,peak_to_peak,13,2.02086479010683,1.654496587626095,2.3680589545954835,0.9230769230769231
svm,frequency_change,False,std,13,0.7166496035087921,0.5801049553144333,0.8314951819479247,0.7692307692307693
svm,frequency_change,False,dominant_frequency,13,800.0,800.0,1200.0,1.0
svm,frequency_change,False,spectral_energy,13,64378.1588894516,42341.72930298116,86715.54013577045,0.7692307692307693
svm,frequency_change,False,second_harmonic_ratio,13,0.0842476737589137,0.00637978706857971,0.11937532175055109,0.6923076923076923
svm,frequency_change,False,third_harmonic_ratio,13,0.0377564192245168,0.00297780317098929,0.06119213125447264,0.8461538461538461
svm,frequency_change,True,mean,9,-0.0094754332141894,-0.07668776865814317,0.07521614508997318,0.8888888888888888
svm,frequency_change,True,rms,9,0.7217834473166018,0.5811182082405948,0.8316464413793742,0.7777777777777778
svm,frequency_change,True,max,9,1.0360549601603275,0.8210750535159687,1.1895604241486606,0.5555555555555556
svm,frequency_change,True,min,9,-0.9727245637292672,-1.1935855830968416,-0.8284944620254199,1.0
svm,frequency_change,True,peak_to_peak,9,2.0362751117035263,1.654496587626095,2.3680589545954835,0.8888888888888888
svm,frequency_change,True,std,9,0.7211825073561426,0.5801049553144333,0.8314951819479247,0.7777777777777778
svm,frequency_change,True,dominant_frequency,9,1400.0,800.0,1200.0,0.0
svm,frequency_change,True,spectral_energy,9,65230.024644149606,42341.72930298116,86715.54013577045,0.7777777777777778
svm,frequency_change,True,second_harmonic_ratio,9,0.0425832389151914,0.00637978706857971,0.11937532175055109,0.5555555555555556
svm,frequency_change,True,third_harmonic_ratio,9,0.0218226009434776,0.00297780317098929,0.06119213125447264,0.8888888888888888
svm,temporary_amplitude,False,mean,13,0.0272096889280218,-0.07668776865814317,0.07521614508997318,1.0
svm,temporary_amplitude,False,rms,13,0.7266455663837408,0.5811182082405948,0.8316464413793742,0.8461538461538461
svm,temporary_amplitude,False,max,13,1.1544631469611726,0.8210750535159687,1.1895604241486606,0.5384615384615384
svm,temporary_amplitude,False,min,13,-1.1477445771326753,-1.1935855830968416,-0.8284944620254199,0.6923076923076923
svm,temporary_amplitude,False,peak_to_peak,13,2.305632240214312,1.654496587626095,2.3680589545954835,0.6153846153846154
svm,temporary_amplitude,False,std,13,0.7265037370878228,0.5801049553144333,0.8314951819479247,0.8461538461538461
svm,temporary_amplitude,False,dominant_frequency,13,1000.0,800.0,1200.0,1.0
svm,temporary_amplitude,False,spectral_energy,13,66027.49340558339,42341.72930298116,86715.54013577045,0.8461538461538461
svm,temporary_amplitude,False,second_harmonic_ratio,13,0.0857264561825382,0.00637978706857971,0.11937532175055109,0.8461538461538461
svm,temporary_amplitude,False,third_harmonic_ratio,13,0.0428973392667366,0.00297780317098929,0.06119213125447264,0.7692307692307693
svm,temporary_amplitude,True,mean,10,-0.0075790644568941,-0.07668776865814317,0.07521614508997318,1.0
svm,temporary_amplitude,True,rms,10,0.9631037147346806,0.5811182082405948,0.8316464413793742,0.1
svm,temporary_amplitude,True,max,10,2.092735394027052,0.8210750535159687,1.1895604241486606,0.2
svm,temporary_amplitude,True,min,10,-2.0678622687416333,-1.1935855830968416,-0.8284944620254199,0.2
svm,temporary_amplitude,True,peak_to_peak,10,4.1639846889633505,1.654496587626095,2.3680589545954835,0.2
svm,temporary_amplitude,True,std,10,0.9611764682970777,0.5801049553144333,0.8314951819479247,0.1
svm,temporary_amplitude,True,dominant_frequency,10,1200.0,800.0,1200.0,1.0
svm,temporary_amplitude,True,spectral_energy,10,116426.9614844125,42341.72930298116,86715.54013577045,0.1
svm,temporary_amplitude,True,second_harmonic_ratio,10,0.0596179997542041,0.00637978706857971,0.11937532175055109,0.9
svm,temporary_amplitude,True,third_harmonic_ratio,10,0.024370667917205352,0.00297780317098929,0.06119213125447264,1.0
