model,filename,class,predicted_class,mean,rms,max,min,peak_to_peak,std,dominant_frequency,spectral_energy,second_harmonic_ratio,third_harmonic_ratio,frequency,frequency_distribution,amplitude,phase,dc_offset,natural_noise_std,noise_std,harmonic_2_ratio,harmonic_2_phase,harmonic_3_ratio,harmonic_3_phase,harmonic_4_ratio,harmonic_4_phase,anomaly_type,change_start,offset_change,change_end,amplitude_factor,changed_frequency,correct
random_forest,normal_039.csv,normal,distorted,0.0323157097011106,0.5960545417447638,0.8793900515982181,-0.8320526070188439,1.711442658617062,0.5951778823520527,1000.0,44541.23042510641,0.1350591257912922,0.0724190707098873,1090.5054769322956,triangular,0.8453356470661721,4.997143705680047,0.0272256997614567,0.0068288001996061,,,,,,,,,,,,,,False
random_forest,normal_065.csv,normal,distorted,-0.0113431480442578,0.6958728596176648,0.956845257067608,-1.0331975730811789,1.990042830148787,0.6957804033924153,800.0,60546.44110594408,0.173904999948647,0.0909335606807322,895.2606839282021,uniform,0.9864591004391698,5.18503289116618,-0.0368620709203111,0.0065383197344168,,,,,,,,,,,,,,False
random_forest,normal_187.csv,normal,distorted,0.0515441713394849,0.8323032748445538,1.231198896327497,-1.1360468527714105,2.3672457490989074,0.830705687784726,1000.0,86923.88010559809,0.1267022883140852,0.0685171918520092,1085.843096451263,uniform,1.1821904716213711,1.7656220093856487,0.0473517527344305,0.0012099948666814,,,,,,,,,,,,,,False
random_forest,normal_236.csv,normal,distorted,-0.0015085726657191,0.8101085141879457,1.160361660452442,-1.1822157616103657,2.342577422062808,0.8101071095653423,1000.0,82035.7131235434,0.1227668654829139,0.067371834048055,1084.5983501886392,uniform,1.1526202106447347,1.661761092519641,-0.0136601072123339,0.0096047878820541,,,,,,,,,,,,,,False
random_forest,normal_247.csv,normal,distorted,-0.0688154690567414,0.7952203025830176,1.0942463198056245,-1.1530021244819717,2.247248444287596,0.7922371872480657,800.0,79639.31229602653,0.1641108975952991,0.0849372709817361,896.2742261940992,uniform,1.1230037051885369,2.18084076044413,-0.02910675107979,0.0010596980527864,,,,,,,,,,,,,,False
random_forest,normal_293.csv,normal,distorted,-0.037890909118263,0.6624989904257202,0.9024163827750902,-0.979270344345982,1.881686727121072,0.6614145381841029,1000.0,55042.93180767776,0.1369626899223533,0.0740682434163219,1092.0736931273527,triangular,0.9387902631151788,1.76076431852552,-0.0361301232540344,0.0022337283723428,,,,,,,,,,,,,,False
random_forest,normal_318.csv,normal,distorted,0.0224136193012305,0.6237312688096537,0.9258060480602016,-0.8572740289124813,1.783080076972683,0.6233284249580794,1000.0,48693.2960354071,0.1370279748282442,0.0737989140708299,1094.5697629593417,triangular,0.8835154146467047,1.9489524294770089,0.0358609396185877,0.0049430381479606,,,,,,,,,,,,,,False
random_forest,normal_333.csv,normal,distorted,-0.0221309596187952,0.6782024492198908,0.9495837022199246,-1.0065360007450022,1.9561197029649269,0.6778412666356408,800.0,57556.33631709737,0.1788798213012043,0.0947649827551387,892.4177164217219,uniform,0.9627616750954688,1.620778484417003,-0.0287341347059213,0.0099111108020712,,,,,,,,,,,,,,False
random_forest,normal_495.csv,normal,distorted,-0.0609901098885934,0.7653489989449236,1.0521735427650367,-1.118440023764931,2.170613566529968,0.76291499964398,1000.0,73685.31318537715,0.1273536681818754,0.0672699011461054,1095.0231907661405,uniform,1.0808698936109744,2.187488064019938,-0.0308453188303134,0.0054745259781574,,,,,,,,,,,,,,False
random_forest,noisy_010.csv,noisy,anomalous,-0.0298303916859709,0.6857840536472583,1.1588170118497374,-1.1759372348166035,2.334754246666341,0.6851349618642499,1000.0,58898.81217109401,0.033600228717981,0.0139062060432336,1027.77285706193,triangular,0.9603020757119044,3.875798100998115,-0.0089403933319653,0.0099341262004998,0.1135289302272655,,,,,,,,,,,,,False
random_forest,noisy_236.csv,noisy,anomalous,0.0099815436115795,0.8715892303480317,1.8133901619018853,-1.8481125839758588,3.661502745877744,0.8715320735611538,1200.0,94971.15822714998,0.0360463912008025,0.0043780194982449,1176.533008971403,uniform,1.151798384439337,0.4316982912458991,0.0338832639183507,0.0054211735736274,0.2872936081679771,,,,,,,,,,,,,False
random_forest,noisy_408.csv,noisy,anomalous,-0.0274405800817592,0.5909521157246383,1.015536914003491,-1.0073664605699788,2.02290337457347,0.5903146767989111,1200.0,43747.29014406696,0.0207884753134431,0.0099119304223987,1179.4623735471998,uniform,0.823550843540762,1.874938438655696,-0.0122754322886209,0.0024411412290941,0.1020108552971789,,,,,,,,,,,,,False
random_forest,noisy_416.csv,noisy,distorted,0.0914453471172783,0.7924752642276285,1.300591091219183,-1.2290981361771716,2.5296892273963545,0.7871815501542513,1000.0,79547.85766713595,0.0776108984094369,0.0399931889377745,921.0295019371856,uniform,1.1053975770293836,0.3411484921949704,0.0313966186754967,0.0027657566054908,0.1321821560603336,,,,,,,,,,,,,False
random_forest,distorted_004.csv,distorted,normal,-0.0402981142274902,0.7089573211960022,0.8725252999493617,-1.0583309377561725,1.9308562377055345,0.7078110943374083,1000.0,63030.57650930879,0.030475728716312,0.0101893907262705,934.8898949252142,triangular,0.9979832709301676,2.88470419878178,0.0137717966055951,0.0024999600596288,,0.1098253116696026,1.542040285827837,0.1158521621587352,1.64541049694468,0.0,2.778923858650664,,,,,,,False
random_forest,distorted_144.csv,distorted,normal,0.0479472522420927,0.6372387734416382,0.9841212474327834,-0.9533772999777792,1.9374985474105624,0.6354323845853598,1000.0,51046.56330671786,0.10860968387173,0.0487992178102514,1023.159873420842,uniform,0.8851698712096372,0.9119806035056768,0.0302826547958759,0.0059847519292741,,0.1125738888337754,4.823196642846353,0.0703187453923532,5.984400814155,0.0,1.1508438277214592,,,,,,,False
random_forest,distorted_179.csv,distorted,normal,0.0650787483846725,0.8199160939614645,1.169455091991647,-1.132514888224727,2.301969980216374,0.8173292834872061,1000.0,84562.27037801086,0.0281558641955134,0.0211776002370608,1077.8953938233533,uniform,1.131407737472862,0.0539701835191002,0.0024645341192143,0.0054321265923307,,0.1110514392879041,5.196655561872239,0.1092964123874977,1.2151842432942506,0.056531829030675,3.871571538689773,,,,,,,False
random_forest,distorted_217.csv,distorted,anomalous,0.0055988166446424,0.894407461499373,1.523359578511383,-1.1476868726213665,2.6710464511327494,0.8943899375764086,1000.0,99999.87130367268,0.0324205804908604,0.0479978630777788,923.8779818196432,uniform,1.1962250878282084,4.508781031806718,-0.0092872572037654,0.0086106142469483,,0.2407133638731555,2.0715919099812834,0.0773909794364219,4.794822473951509,0.0,0.1743426532391658,,,,,,,False
random_forest,distorted_280.csv,distorted,normal,-0.0464395049782504,0.7191190138558359,1.0786059318989245,-0.968926635263459,2.047532567162384,0.7176179543924225,1000.0,64911.334571841726,0.0917019081749699,0.0420835473182613,946.847770306262,triangular,0.9685318140052386,0.9336046397191274,-0.0456281251387785,0.0098882143920973,,0.2123097754956358,5.423950497230771,0.0907677064201169,3.4726409060710663,0.0,0.2929077629651505,,,,,,,False
random_forest,distorted_285.csv,distorted,normal,-0.0250574699396413,0.6320665053323776,0.8453101978661585,-0.8341251477864186,1.679435345652577,0.6315696243196853,1000.0,50017.09930719591,0.0426854502183655,0.0324867312655742,1067.8647901974182,triangular,0.8740788335587721,3.159709384879706,0.0175909267280038,0.004722246034317,,0.1267630259408082,2.53827433039857,0.114307919559006,3.585984518710511,0.0471282046781602,1.7475928679156485,,,,,,,False
random_forest,distorted_323.csv,distorted,normal,0.0441403144636914,0.623849001732971,0.9407158014912111,-0.9431251892348628,1.8838409907260736,0.6222854727552869,800.0,48892.00988473821,0.0725708555561848,0.0344572933192723,892.6830437259737,triangular,0.8500647803770086,0.105398063236157,-0.017411663826498,0.0037723249875421,,0.2144049773371957,4.123660050536274,0.1132690075565629,5.3375662652208,0.0597067538080588,0.2095498068647871,,,,,,,False
random_forest,distorted_376.csv,distorted,normal,-0.0103991708401632,0.6135342501374678,0.8337315165274645,-0.8606318367178731,1.6943633532453375,0.6134461128229455,1000.0,47066.63269685317,0.044096852214481,0.031081112631449,922.3195658894256,triangular,0.8377390071970713,1.3442093822734436,-0.0051543241298195,0.0069515029861113,,0.1578130412990515,5.669603999217915,0.0841621655497539,4.094240310919105,0.0,3.3674648133613974,,,,,,,False
random_forest,distorted_380.csv,distorted,normal,0.0522278530120121,0.7406021200905478,1.0911006244115742,-1.0758204910041873,2.1669211154157617,0.7387582498032559,1000.0,68902.64004300653,0.072864373633635,0.05319738233822,1063.003678969782,triangular,1.015145975182674,6.1141705932580495,0.0111434242188206,0.006706188617619,,0.2041328280174178,5.51780472155639,0.0864174071500619,0.5695240880371748,0.0,0.857831556333661,,,,,,,False
random_forest,distorted_394.csv,distorted,normal,-0.065904609652283,0.7956294042471334,1.1725944880194843,-1.1513305068727049,2.323924994892189,0.7928951578419612,1000.0,79671.34673705888,0.0896525080604051,0.0464676903476539,919.9850270876592,triangular,1.1151499320950655,2.6583979095019576,0.0065690976368913,0.0094476946332538,,0.1883516914801062,2.548831215663001,0.082782334498375,1.2863916103600948,0.0,2.752224598261699,,,,,,,False
random_forest,distorted_414.csv,distorted,normal,-0.0273922201231508,0.6246315763687362,0.894991812967543,-0.8825561489454347,1.7775479619129777,0.6240306662926248,800.0,48864.37979965112,0.1297777644003201,0.0819505379676159,829.3856535971072,uniform,0.860913980726915,3.8371014011413966,-0.0007968030464431,0.0041285145857272,,0.1544869136540814,1.600973070281839,0.0921712136786883,4.13021749549713,0.0483920638730049,2.364071614521281,,,,,,,False
random_forest,distorted_417.csv,distorted,normal,-0.0169601289829282,0.6799654603207356,1.0085548304163463,-0.9748268187500836,1.98338164916643,0.6797539122756648,1200.0,57830.5843416188,0.0974885229688714,0.0624754750804576,1102.9019657359445,triangular,0.959453220000954,4.323563076821524,0.0022348930226958,0.0081379603138807,,0.100494409524525,6.100958319321156,0.0828941438418175,6.072071845429865,0.0491397361019149,5.486879320278474,,,,,,,False
random_forest,distorted_476.csv,distorted,normal,0.0515087411912278,0.7373159512051823,1.2069851998136554,-1.0738371033455305,2.280822303159186,0.7355145555884657,1000.0,68286.0168587149,0.0404846866105388,0.0211029320820741,1063.1463796960802,uniform,1.010374778978009,0.911940228207033,-0.0001197167697742,0.0035247575083915,,0.1138083415290917,5.722253638995028,0.1225053554087918,6.256538630637066,0.0,5.4412832431388125,,,,,,,False
random_forest,distorted_477.csv,distorted,normal,0.0500334158048296,0.7452459983199305,1.0846391657486267,-1.1633530360868245,2.2479922018354515,0.7435645602869806,1000.0,69737.0018634519,0.0978266133328408,0.0617585566750654,916.79865333846,triangular,1.0468033191946056,0.3258452841877298,-0.0138050868063058,0.0095517898256889,,0.1586458188704502,1.3014820326867542,0.1033704150940026,5.855282879862322,0.0,4.33736440091254,,,,,,,False
random_forest,anomalous_015.csv,anomalous,distorted,0.0444560331436812,0.7592342723946869,1.1949058828832697,-1.170611227617087,2.365517110500357,0.7579316205937165,1000.0,72301.72415360327,0.0988538357753885,0.0428973392667366,1073.111425753704,uniform,1.1764209318587375,0.8533928271179128,0.0133640456895954,0.0041262167751699,,,,,,,,temporary_amplitude,178.0,,319.0,0.5851263315414599,,False
random_forest,anomalous_049.csv,anomalous,noisy,-0.0216609443072812,0.6010921290037421,1.2241300744761672,-1.1746097182771391,2.3987397927533065,0.6007017155310681,1000.0,45222.680540238514,0.0539231678492631,0.0271057927443987,961.952542759936,uniform,1.1929621366270693,3.4386052101942752,0.0226231664844005,0.0074179614912921,,,,,,,,amplitude_decrease,152.0,,500.0,0.5274000250151823,,False
random_forest,anomalous_081.csv,anomalous,normal,-0.0213798870848996,0.8220616146768859,1.2269605731968367,-1.1386424740090602,2.365603047205897,0.8217835473854449,1200.0,84530.30797553483,0.0396373819721163,0.0216378796180775,824.9015241030362,uniform,1.1694359843083872,2.6458968518363744,0.0423018690734247,0.0087722979691404,,,,,,,,frequency_change,109.0,,500.0,,1191.0955546079392,False
random_forest,anomalous_088.csv,anomalous,normal,-0.0958853712242239,0.6756884047098926,0.9062247365571062,-1.006964925001559,1.9131896615586648,0.6688503688005205,1000.0,58218.6484070575,0.0842476737589137,0.047858744785521,975.0882553279376,uniform,0.940509536546802,3.577548733831831,-0.0491316132684901,0.0092620341474681,,,,,,,,frequency_change,252.0,,500.0,,1529.722675868558,False
random_forest,anomalous_106.csv,anomalous,normal,-0.0262316899621465,0.7034405522427283,0.9968029920283712,-1.0095347259232734,2.0063377179516446,0.7029512849275434,1200.0,61939.59290828353,0.0285907385860696,0.0199254460973426,1133.678799659254,uniform,0.9940088600852168,3.8177197392401983,-0.0041045096361436,0.0057332482937225,,,,,,,,frequency_change,303.0,,500.0,,1833.629476105932,False
random_forest,anomalous_131.csv,anomalous,distorted,-0.0267831425839567,0.7171499082730064,0.9937877297825644,-1.052051430946975,2.0458391607295394,0.7166496035087921,800.0,64378.1588894516,0.1625948934551423,0.1015945567399117,1082.5049807114613,triangular,1.019246042706971,1.5221605514847332,-0.0298107877299873,0.0035626928110039,,,,,,,,frequency_change,207.0,,500.0,,757.8067247747412,False
random_forest,anomalous_136.csv,anomalous,distorted,0.058823733167987,0.7541694724264566,1.2309417605772333,-1.1477445771326753,2.378686337709909,0.751871905018522,1200.0,71529.06177999312,0.0885023492082134,0.0172466029704573,1160.7863267822595,uniform,1.177664267636045,6.244738149435005,0.0400086420864201,0.0067699070176763,,,,,,,,temporary_amplitude,113.0,,230.0,0.3330558146917863,,False
random_forest,anomalous_163.csv,anomalous,noisy,0.0403799152965285,0.7614026279820462,1.858754984713045,-1.756846531470627,3.615601516183672,0.7603311280873691,800.0,72670.5993303844,0.0886731437951407,0.0205963378865427,834.817891172554,uniform,0.8634131599691381,1.8846467419454656,-0.0380437896207635,0.0046683169883198,,,,,,,,temporary_amplitude,302.0,,386.0,2.196912799151236,,False
random_forest,anomalous_167.csv,anomalous,noisy,-0.013104194132902,0.787142564135716,1.73448779323389,-1.7259782535636767,3.460466046797567,0.7870334785574734,800.0,77472.2324516008,0.0661667140197154,0.0863459450052083,879.8914522030252,triangular,0.8223826802915486,2.441726831456722,0.0059192520763142,0.0066919100027638,,,,,,,,temporary_amplitude,322.0,,441.0,2.0970404882458045,,False
random_forest,anomalous_170.csv,anomalous,distorted,-0.0230893745513542,0.5842385174318163,0.8828437616272422,-0.9389332142497776,1.82177697587702,0.5837820877979676,800.0,42733.63060712635,0.2394605228644228,0.0766084287654097,880.2077843108034,uniform,0.9073449896491044,4.963760810199286,-0.0291317209664687,0.0028656583296849,,,,,,,,temporary_amplitude,197.0,,286.0,0.4667307452936296,,False
random_forest,anomalous_175.csv,anomalous,noisy,0.069540935864492,0.5783016799512192,1.0851333392180385,-1.0350182825602512,2.1201516217782896,0.5741052963294215,1200.0,42408.85337540339,0.0565308266978992,0.0541621576000603,1107.3765658909392,uniform,1.05834122315381,5.579737709808735,0.025372863816637,0.0017298082802711,,,,,,,,amplitude_decrease,222.0,,500.0,0.5185420093689035,,False
random_forest,anomalous_192.csv,anomalous,distorted,0.0575981177134583,0.7076764354797632,1.1148989145341146,-1.1209085428365668,2.235807457370681,0.7053285717799967,1000.0,63015.78696168127,0.0857264561825382,0.0569000022749734,930.3744490062908,uniform,1.1066305408386363,0.1761184793865273,-0.0070832274222298,0.0091206105068714,,,,,,,,temporary_amplitude,154.0,,287.0,0.546855075440678,,False
random_forest,anomalous_202.csv,anomalous,distorted,-0.0536675748002001,0.7047004520772022,0.9775855866364233,-1.0088216161558894,1.9864072027923123,0.702653910949678,800.0,62435.406790665176,0.3079462581723806,0.0673577365777178,812.6791438370135,uniform,0.9878042953091416,3.854411826069708,-0.0137226890089269,0.0043925683839146,,,,,,,,frequency_change,239.0,,500.0,,1319.2446385638668,False
random_forest,anomalous_208.csv,anomalous,normal,-0.0266451069756105,0.6010604652093077,0.8329174733795732,-0.8884392368407363,1.7213567102203096,0.6004695838357574,1000.0,45247.99927977991,0.0993904472546527,0.0377564192245168,1010.8786957935874,triangular,0.8569926113771748,2.6958477232600746,-0.0292816623616235,0.002679585853512,,,,,,,,frequency_change,304.0,,500.0,,1554.1037397790951,False
random_forest,anomalous_258.csv,anomalous,distorted,0.0666717071190792,0.7203928030580893,1.0168541460162477,-1.0040106440905825,2.02086479010683,0.7173009648451051,800.0,65426.4012888978,0.0788597186274595,0.0219386598408251,974.9868766117912,triangular,1.0065687868819173,1.3673991866960913,0.0049359217121975,0.0026421959343615,,,,,,,,frequency_change,278.0,,500.0,,669.9234208040539,False
random_forest,anomalous_264.csv,anomalous,normal,0.0625582804401752,0.6766763242730258,1.0750169248974593,-0.9798380205451206,2.05485494544258,0.6737783829865881,800.0,57725.62559701022,0.0970935587791643,0.0482677046244871,838.5245229049716,uniform,1.0211232266731043,3.0239383636041857,0.0469179808554409,0.0041564010866517,,,,,,,,temporary_amplitude,108.0,,192.0,0.4296645800006756,,False
random_forest,anomalous_270.csv,anomalous,normal,-0.0377723342437794,0.8395903944384008,1.1557101390205735,-1.215959104271659,2.3716692432922324,0.8387402942502555,1000.0,88292.34943787022,0.0734409005886911,0.0152778058691675,984.5573072426412,triangular,1.1832281047976534,1.8990779168328984,-0.0300657490590567,0.0018566794391673,,,,,,,,frequency_change,261.0,,500.0,,1448.1204812863402,False
random_forest,anomalous_274.csv,anomalous,normal,0.0611815050274183,0.5854545664981008,1.001316893565734,-0.9363346559158292,1.9376515494815632,0.5822489784242297,1000.0,43312.72999676332,0.1066830352550744,0.0573276013092155,899.6390996913412,uniform,0.9623113201705128,5.117831472734488,0.0286563719767145,0.0098156890920284,,,,,,,,amplitude_decrease,293.0,,500.0,0.5995678958369197,,False
random_forest,anomalous_277.csv,anomalous,distorted,0.0707195223691914,0.8391460340207623,1.187396081644271,-1.1600038371108516,2.347399918755123,0.8361607594049411,800.0,88645.91618982906,0.1516548805508547,0.0447740628284604,819.9750857140464,uniform,1.1692711170095502,0.3512386426695787,0.0117882743721492,0.0053977999791556,,,,,,,,frequency_change,220.0,,500.0,,1278.1331990472208,False
random_forest,anomalous_294.csv,anomalous,noisy,0.0272096889280218,0.7402710042728068,1.5543278181841718,-1.558032517353772,3.112360335537944,0.7397707703035518,1200.0,68593.88994975995,0.0437250149359311,0.0394984754674235,1123.6350318693658,triangular,0.8493739619509437,4.698127610850458,0.002467441483248,0.008551403166061,,,,,,,,temporary_amplitude,280.0,,398.0,1.823121997052228,,False
random_forest,anomalous_316.csv,anomalous,normal,0.0088083010005745,0.8240311388106637,1.1457905694149837,-1.1694340161559864,2.31522458557097,0.8239840602603199,800.0,84888.22223456728,0.0513658514477511,0.0352422346920308,999.486565346954,triangular,1.15001787854966,3.540314034777201,-0.0090622202645752,0.0087331043141024,,,,,,,,frequency_change,168.0,,500.0,,662.2376465840475,False
random_forest,anomalous_344.csv,anomalous,normal,-0.0143561534742176,0.7266455663837408,1.0997050237279404,-1.1371054605979052,2.2368104843258454,0.7265037370878228,1000.0,66027.49340558339,0.0031722556633854,0.0025624558293888,1002.9961402268796,triangular,1.1053458070833695,2.037461386538417,-0.0180770625473792,0.0075542764403747,,,,,,,,temporary_amplitude,107.0,,205.0,0.5495733406645678,,False
random_forest,anomalous_367.csv,anomalous,distorted,-0.0459877509321717,0.5731223619846252,0.7961189206424248,-0.8599859293436571,1.656104849986082,0.5712743373993237,1000.0,41323.3652537713,0.2460548115855489,0.0591132022626163,974.4570961962206,uniform,0.8126730721754767,4.92147634456759,-0.0363588527546733,0.0097517527302052,,,,,,,,frequency_change,303.0,,500.0,,1674.7316899036214,False
random_forest,anomalous_390.csv,anomalous,normal,0.0037279658848074,0.7467081920578837,1.0638558948212558,-1.0236376836997545,2.08749357852101,0.7466988860020585,800.0,69698.58653705537,0.0867490614164329,0.0440393337569282,1054.4455116306085,triangular,1.0416177783547012,0.3026959299479536,0.0203627174206963,0.003046159320344,,,,,,,,frequency_change,136.0,,500.0,,648.9934715423306,False
svm,normal_034.csv,normal,distorted,-0.0654338780348458,0.8396968594695177,1.1781771193076944,-1.2014462035643216,2.379623322872016,0.8371434903338207,1000.0,88672.04561941842,0.0923264782458377,0.0515355866391697,908.6051121874398,uniform,1.18589527423396,3.868289751464114,-0.0097149019843651,0.0038025465227784,,,,,,,,,,,,,,False
svm,normal_039.csv,normal,distorted,0.0323157097011106,0.5960545417447638,0.8793900515982181,-0.8320526070188439,1.711442658617062,0.5951778823520527,1000.0,44541.23042510641,0.1350591257912922,0.0724190707098873,1090.5054769322956,triangular,0.8453356470661721,4.997143705680047,0.0272256997614567,0.0068288001996061,,,,,,,,,,,,,,False
svm,normal_065.csv,normal,distorted,-0.0113431480442578,0.6958728596176648,0.956845257067608,-1.0331975730811789,1.990042830148787,0.6957804033924153,800.0,60546.44110594408,0.173904999948647,0.0909335606807322,895.2606839282021,uniform,0.9864591004391698,5.18503289116618,-0.0368620709203111,0.0065383197344168,,,,,,,,,,,,,,False
svm,normal_187.csv,normal,distorted,0.0515441713394849,0.8323032748445538,1.231198896327497,-1.1360468527714105,2.3672457490989074,0.830705687784726,1000.0,86923.88010559809,0.1267022883140852,0.0685171918520092,1085.843096451263,uniform,1.1821904716213711,1.7656220093856487,0.0473517527344305,0.0012099948666814,,,,,,,,,,,,,,False
svm,normal_236.csv,normal,distorted,-0.0015085726657191,0.8101085141879457,1.160361660452442,-1.1822157616103657,2.342577422062808,0.8101071095653423,1000.0,82035.7131235434,0.1227668654829139,0.067371834048055,1084.5983501886392,uniform,1.1526202106447347,1.661761092519641,-0.0136601072123339,0.0096047878820541,,,,,,,,,,,,,,False
svm,normal_247.csv,normal,distorted,-0.0688154690567414,0.7952203025830176,1.0942463198056245,-1.1530021244819717,2.247248444287596,0.7922371872480657,800.0,79639.31229602653,0.1641108975952991,0.0849372709817361,896.2742261940992,uniform,1.1230037051885369,2.18084076044413,-0.02910675107979,0.0010596980527864,,,,,,,,,,,,,,False
svm,normal_261.csv,normal,distorted,0.0196324806441836,0.8014712082280231,1.1488402751455509,-1.1384479842526984,2.2872882593982493,0.8012307179097934,1000.0,80343.12413808811,0.1225709546170871,0.0664312596779666,1084.7181138918177,uniform,1.1403998989793824,1.629452203124222,0.0055776203002904,0.0035546880270452,,,,,,,,,,,,,,False
svm,normal_272.csv,normal,distorted,-0.001865685587543,0.7239509521571422,1.046659750272242,-1.0153268862599576,2.0619866365321995,0.7239485481348252,1200.0,65514.01314384666,0.0938153286259062,0.0538262734417279,1103.0273732797948,triangular,1.022708076986116,4.296516751560848,0.0213037556859585,0.0050480321319975,,,,,,,,,,,,,,False
svm,normal_293.csv,normal,distorted,-0.037890909118263,0.6624989904257202,0.9024163827750902,-0.979270344345982,1.881686727121072,0.6614145381841029,1000.0,55042.93180767776,0.1369626899223533,0.0740682434163219,1092.0736931273527,triangular,0.9387902631151788,1.76076431852552,-0.0361301232540344,0.0022337283723428,,,,,,,,,,,,,,False
svm,normal_318.csv,normal,distorted,0.0224136193012305,0.6237312688096537,0.9258060480602016,-0.8572740289124813,1.783080076972683,0.6233284249580794,1000.0,48693.2960354071,0.1370279748282442,0.0737989140708299,1094.5697629593417,triangular,0.8835154146467047,1.9489524294770089,0.0358609396185877,0.0049430381479606,,,,,,,,,,,,,,False
svm,normal_333.csv,normal,distorted,-0.0221309596187952,0.6782024492198908,0.9495837022199246,-1.0065360007450022,1.9561197029649269,0.6778412666356408,800.0,57556.33631709737,0.1788798213012043,0.0947649827551387,892.4177164217219,uniform,0.9627616750954688,1.620778484417003,-0.0287341347059213,0.0099111108020712,,,,,,,,,,,,,,False
svm,normal_495.csv,normal,distorted,-0.0609901098885934,0.7653489989449236,1.0521735427650367,-1.118440023764931,2.170613566529968,0.76291499964398,1000.0,73685.31318537715,0.1273536681818754,0.0672699011461054,1095.0231907661405,uniform,1.0808698936109744,2.187488064019938,-0.0308453188303134,0.0054745259781574,,,,,,,,,,,,,,False
svm,noisy_020.csv,noisy,distorted,-0.0370893728416115,0.8290941361220722,1.3918252182466535,-1.4154454427585397,2.807270661005193,0.8282641275427911,800.0,86096.58902095589,0.1482864863929388,0.081028680912234,872.3110920603349,triangular,1.1717491915720952,2.247236335650281,-0.0153067014445968,0.008929364247947,0.1167371580696789,,,,,,,,,,,,,False
svm,noisy_408.csv,noisy,anomalous,-0.0274405800817592,0.5909521157246383,1.015536914003491,-1.0073664605699788,2.02290337457347,0.5903146767989111,1200.0,43747.29014406696,0.0207884753134431,0.0099119304223987,1179.4623735471998,uniform,0.823550843540762,1.874938438655696,-0.0122754322886209,0.0024411412290941,0.1020108552971789,,,,,,,,,,,,,False
svm,noisy_416.csv,noisy,distorted,0.0914453471172783,0.7924752642276285,1.300591091219183,-1.2290981361771716,2.5296892273963545,0.7871815501542513,1000.0,79547.85766713595,0.0776108984094369,0.0399931889377745,921.0295019371856,uniform,1.1053975770293836,0.3411484921949704,0.0313966186754967,0.0027657566054908,0.1321821560603336,,,,,,,,,,,,,False
svm,distorted_004.csv,distorted,normal,-0.0402981142274902,0.7089573211960022,0.8725252999493617,-1.0583309377561725,1.9308562377055345,0.7078110943374083,1000.0,63030.57650930879,0.030475728716312,0.0101893907262705,934.8898949252142,triangular,0.9979832709301676,2.88470419878178,0.0137717966055951,0.0024999600596288,,0.1098253116696026,1.542040285827837,0.1158521621587352,1.64541049694468,0.0,2.778923858650664,,,,,,,False
svm,distorted_053.csv,distorted,normal,-0.0009175903639795,0.6873061725296268,1.1105867495660486,-0.8249770533873955,1.935563802953444,0.6873055600133386,1000.0,59049.01319765994,0.087331400916207,0.0530395458764204,925.803038753696,uniform,0.9516955839766568,3.423081605539423,0.0435289574058796,0.0015075879340263,,0.1659002262847643,0.3848228523494906,0.1141276382143357,3.055881683659615,0.0,0.9912987771806888,,,,,,,False
svm,distorted_168.csv,distorted,normal,-0.0481403584187885,0.6414448906051086,0.9806906641680968,-0.8283649274081891,1.809055591576286,0.6396358757720757,800.0,51721.13124110033,0.1121176996455037,0.0216041673133577,878.3516203534997,triangular,0.8913503452903252,3.6995916757272944,0.010487042508037,0.0024859412768081,,0.120365354235891,5.595035062187396,0.1230181284168959,3.777661311708437,0.0,4.534403616947516,,,,,,,False
svm,distorted_178.csv,distorted,normal,-0.0248211369222351,0.709969771459648,1.1143922118091547,-0.9185937534249724,2.032985965234128,0.7095357549471011,1000.0,63084.47870601435,0.0997014890255487,0.0398629745502714,924.8241453124332,uniform,0.9649713716862104,4.453686964910776,-0.0369958725854088,0.0035330553445847,,0.2008063238352099,1.0977997910527093,0.1094895995937895,5.949080260748045,0.0524819797523126,5.80814912457572,,,,,,,False
svm,distorted_179.csv,distorted,normal,0.0650787483846725,0.8199160939614645,1.169455091991647,-1.132514888224727,2.301969980216374,0.8173292834872061,1000.0,84562.27037801086,0.0281558641955134,0.0211776002370608,1077.8953938233533,uniform,1.131407737472862,0.0539701835191002,0.0024645341192143,0.0054321265923307,,0.1110514392879041,5.196655561872239,0.1092964123874977,1.2151842432942506,0.056531829030675,3.871571538689773,,,,,,,False
svm,distorted_215.csv,distorted,normal,-0.0363965059944483,0.8094183905327162,1.0420791833052792,-1.3027355438588322,2.3448147271641115,0.8085996693568264,1000.0,82060.46608665139,0.0488412074681163,0.016719078579951,943.5493909126328,triangular,1.1173941335490805,1.3692417428210153,-0.0093967477777509,0.0097555823911189,,0.1268678157961001,4.528888675399951,0.064168558551007,6.01627798497469,0.0,3.2926982984308992,,,,,,,False
svm,distorted_217.csv,distorted,normal,0.0055988166446424,0.894407461499373,1.523359578511383,-1.1476868726213665,2.6710464511327494,0.8943899375764086,1000.0,99999.87130367268,0.0324205804908604,0.0479978630777788,923.8779818196432,uniform,1.1962250878282084,4.508781031806718,-0.0092872572037654,0.0086106142469483,,0.2407133638731555,2.0715919099812834,0.0773909794364219,4.794822473951509,0.0,0.1743426532391658,,,,,,,False
svm,distorted_247.csv,distorted,normal,0.017236004222188,0.6633468426104587,1.0690576196787984,-0.8313369561184146,1.900394575797213,0.6631228798342864,1000.0,55040.7725982144,0.0744011541962741,0.0072317850413161,933.2818570540431,uniform,0.9062957394222524,5.546273258270277,-0.0288266876481265,0.0053212780353125,,0.2414173997771041,3.3422096117345914,0.1149683504852182,5.128432028924541,0.0,3.4033032099776297,,,,,,,False
svm,distorted_253.csv,distorted,normal,0.0136107326779162,0.7891543942808954,1.0515972518077457,-1.26089101543774,2.3124882672454854,0.7890370117864036,800.0,77868.92265387418,0.0899794169037005,0.0440719312205954,876.6568698179317,uniform,1.0761656833758428,5.983485929976614,-0.0491952232055708,0.0046558443920415,,0.2309955782247675,5.524478825826417,0.1041605361946532,6.146942384605721,0.0,1.5165818355185146,,,,,,,False
svm,distorted_258.csv,distorted,normal,-0.0125508082797629,0.5998050118940702,0.8506520665620121,-1.0039031614054246,1.8545552279674369,0.5996736858532066,1000.0,44990.733330836,0.0513763852508129,0.0624758394743875,1062.1913701849908,triangular,0.822711015411114,4.987391870253433,0.0035275132951975,0.006012254230107,,0.2202566451698821,3.8776055088673536,0.10625408015097,4.476648188551758,0.0,5.927038165118182,,,,,,,False
svm,distorted_268.csv,distorted,normal,-0.029019025416321,0.8305916624653269,1.2536566473691024,-1.192087993289145,2.445744640658248,0.8300845775707452,1000.0,86340.59553288303,0.0728338198873738,0.0364745909335807,1100.6865171594386,triangular,1.1439033852878795,2.956250482616595,0.0383797711744906,0.0064739377270453,,0.1968584180783757,2.140044521499526,0.1220582776038884,3.7384691792496714,0.0,0.7948464799036845,,,,,,,False
svm,distorted_280.csv,distorted,normal,-0.0464395049782504,0.7191190138558359,1.0786059318989245,-0.968926635263459,2.047532567162384,0.7176179543924225,1000.0,64911.334571841726,0.0917019081749699,0.0420835473182613,946.847770306262,triangular,0.9685318140052386,0.9336046397191274,-0.0456281251387785,0.0098882143920973,,0.2123097754956358,5.423950497230771,0.0907677064201169,3.4726409060710663,0.0,0.2929077629651505,,,,,,,False
svm,distorted_285.csv,distorted,normal,-0.0250574699396413,0.6320665053323776,0.8453101978661585,-0.8341251477864186,1.679435345652577,0.6315696243196853,1000.0,50017.09930719591,0.0426854502183655,0.0324867312655742,1067.8647901974182,triangular,0.8740788335587721,3.159709384879706,0.0175909267280038,0.004722246034317,,0.1267630259408082,2.53827433039857,0.114307919559006,3.585984518710511,0.0471282046781602,1.7475928679156485,,,,,,,False
svm,distorted_286.csv,distorted,anomalous,0.0558070025373877,0.6132385091451207,0.8354217170154309,-1.0633308340426002,1.8987525510580312,0.6106939066065112,1200.0,47397.00028285013,0.0919351521872958,0.0125229404096353,1118.501388462237,triangular,0.8643747471238153,6.224386878549395,0.0087059435407309,0.0014249299720829,,0.1450028437704307,1.0805280006500464,0.1072678566510597,2.3221974393592526,0.0,1.0532449233043462,,,,,,,False
svm,distorted_323.csv,distorted,normal,0.0441403144636914,0.623849001732971,0.9407158014912111,-0.9431251892348628,1.8838409907260736,0.6222854727552869,800.0,48892.00988473821,0.0725708555561848,0.0344572933192723,892.6830437259737,triangular,0.8500647803770086,0.105398063236157,-0.017411663826498,0.0037723249875421,,0.2144049773371957,4.123660050536274,0.1132690075565629,5.3375662652208,0.0597067538080588,0.2095498068647871,,,,,,,False
svm,distorted_376.csv,distorted,normal,-0.0103991708401632,0.6135342501374678,0.8337315165274645,-0.8606318367178731,1.6943633532453375,0.6134461128229455,1000.0,47066.63269685317,0.044096852214481,0.031081112631449,922.3195658894256,triangular,0.8377390071970713,1.3442093822734436,-0.0051543241298195,0.0069515029861113,,0.1578130412990515,5.669603999217915,0.0841621655497539,4.094240310919105,0.0,3.3674648133613974,,,,,,,False
svm,distorted_380.csv,distorted,normal,0.0522278530120121,0.7406021200905478,1.0911006244115742,-1.0758204910041873,2.1669211154157617,0.7387582498032559,1000.0,68902.64004300653,0.072864373633635,0.05319738233822,1063.003678969782,triangular,1.015145975182674,6.1141705932580495,0.0111434242188206,0.006706188617619,,0.2041328280174178,5.51780472155639,0.0864174071500619,0.5695240880371748,0.0,0.857831556333661,,,,,,,False
svm,distorted_442.csv,distorted,normal,0.0771862814487575,0.737793892606869,1.209335224479292,-0.9486945492281368,2.1580297737074288,0.7337452595581857,1000.0,68787.27159876445,0.0561422736805442,0.0441274978896382,1043.2824384785324,uniform,1.014285144185484,0.3370738735091322,0.0418216131353307,0.0097083438112468,,0.1188088017825491,5.172468496842165,0.1120690031746131,5.719814411314498,0.0,4.082852328846041,,,,,,,False
svm,distorted_476.csv,distorted,normal,0.0515087411912278,0.7373159512051823,1.2069851998136554,-1.0738371033455305,2.280822303159186,0.7355145555884657,1000.0,68286.0168587149,0.0404846866105388,0.0211029320820741,1063.1463796960802,uniform,1.010374778978009,0.911940228207033,-0.0001197167697742,0.0035247575083915,,0.1138083415290917,5.722253638995028,0.1225053554087918,6.256538630637066,0.0,5.4412832431388125,,,,,,,False
svm,anomalous_015.csv,anomalous,distorted,0.0444560331436812,0.7592342723946869,1.1949058828832697,-1.170611227617087,2.365517110500357,0.7579316205937165,1000.0,72301.72415360327,0.0988538357753885,0.0428973392667366,1073.111425753704,uniform,1.1764209318587375,0.8533928271179128,0.0133640456895954,0.0041262167751699,,,,,,,,temporary_amplitude,178.0,,319.0,0.5851263315414599,,False
svm,anomalous_035.csv,anomalous,noisy,0.0235455085013384,0.6539856718205183,1.1007725698927973,-1.0980833733519997,2.198855943244797,0.6535616787847556,1000.0,53531.48822432056,0.0513582420306151,0.0305238251394257,991.4865582186884,triangular,1.0913303119152973,0.6841362439642544,0.0017729883336504,0.0064593245474522,,,,,,,,amplitude_decrease,322.0,,500.0,0.3842715541741034,,False
svm,anomalous_044.csv,anomalous,normal,0.0932185704712762,0.6530715797932679,0.9873914608132954,-0.8971941673018108,1.884585628115106,0.6463843952734057,800.0,54399.02395234381,0.064794098873215,0.0201466681520577,924.8118634478136,triangular,0.932372169840442,4.969808255035275,0.0485637416704923,0.0072276226351158,,,,,,,,frequency_change,214.0,,500.0,,644.2866811432446,False
svm,anomalous_049.csv,anomalous,noisy,-0.0216609443072812,0.6010921290037421,1.2241300744761672,-1.1746097182771391,2.3987397927533065,0.6007017155310681,1000.0,45222.680540238514,0.0539231678492631,0.0271057927443987,961.952542759936,uniform,1.1929621366270693,3.4386052101942752,0.0226231664844005,0.0074179614912921,,,,,,,,amplitude_decrease,152.0,,500.0,0.5274000250151823,,False
svm,anomalous_050.csv,anomalous,noisy,-0.0541079292039586,0.9020677913040468,1.781085062852224,-1.8670493935496448,3.648134456401869,0.9004435751924829,1000.0,102081.75201342355,0.0355718394684492,0.0298949034343281,1017.9415550131146,triangular,1.036451584996832,4.366220934217129,-0.0434731166023773,0.0040176335660839,,,,,,,,temporary_amplitude,257.0,,388.0,1.7576100973367068,,False
svm,anomalous_081.csv,anomalous,normal,-0.0213798870848996,0.8220616146768859,1.2269605731968367,-1.1386424740090602,2.365603047205897,0.8217835473854449,1200.0,84530.30797553483,0.0396373819721163,0.0216378796180775,824.9015241030362,uniform,1.1694359843083872,2.6458968518363744,0.0423018690734247,0.0087722979691404,,,,,,,,frequency_change,109.0,,500.0,,1191.0955546079392,False
svm,anomalous_088.csv,anomalous,normal,-0.0958853712242239,0.6756884047098926,0.9062247365571062,-1.006964925001559,1.9131896615586648,0.6688503688005205,1000.0,58218.6484070575,0.0842476737589137,0.047858744785521,975.0882553279376,uniform,0.940509536546802,3.577548733831831,-0.0491316132684901,0.0092620341474681,,,,,,,,frequency_change,252.0,,500.0,,1529.722675868558,False
svm,anomalous_106.csv,anomalous,normal,-0.0262316899621465,0.7034405522427283,0.9968029920283712,-1.0095347259232734,2.0063377179516446,0.7029512849275434,1200.0,61939.59290828353,0.0285907385860696,0.0199254460973426,1133.678799659254,uniform,0.9940088600852168,3.8177197392401983,-0.0041045096361436,0.0057332482937225,,,,,,,,frequency_change,303.0,,500.0,,1833.629476105932,False
svm,anomalous_131.csv,anomalous,distorted,-0.0267831425839567,0.7171499082730064,0.9937877297825644,-1.052051430946975,2.0458391607295394,0.7166496035087921,800.0,64378.1588894516,0.1625948934551423,0.1015945567399117,1082.5049807114613,triangular,1.019246042706971,1.5221605514847332,-0.0298107877299873,0.0035626928110039,,,,,,,,frequency_change,207.0,,500.0,,757.8067247747412,False
svm,anomalous_136.csv,anomalous,distorted,0.058823733167987,0.7541694724264566,1.2309417605772333,-1.1477445771326753,2.378686337709909,0.751871905018522,1200.0,71529.06177999312,0.0885023492082134,0.0172466029704573,1160.7863267822595,uniform,1.177664267636045,6.244738149435005,0.0400086420864201,0.0067699070176763,,,,,,,,temporary_amplitude,113.0,,230.0,0.3330558146917863,,False
svm,anomalous_163.csv,anomalous,noisy,0.0403799152965285,0.7614026279820462,1.858754984713045,-1.756846531470627,3.615601516183672,0.7603311280873691,800.0,72670.5993303844,0.0886731437951407,0.0205963378865427,834.817891172554,uniform,0.8634131599691381,1.8846467419454656,-0.0380437896207635,0.0046683169883198,,,,,,,,temporary_amplitude,302.0,,386.0,2.196912799151236,,False
svm,anomalous_167.csv,anomalous,noisy,-0.013104194132902,0.787142564135716,1.73448779323389,-1.7259782535636767,3.460466046797567,0.7870334785574734,800.0,77472.2324516008,0.0661667140197154,0.0863459450052083,879.8914522030252,triangular,0.8223826802915486,2.441726831456722,0.0059192520763142,0.0066919100027638,,,,,,,,temporary_amplitude,322.0,,441.0,2.0970404882458045,,False
svm,anomalous_170.csv,anomalous,distorted,-0.0230893745513542,0.5842385174318163,0.8828437616272422,-0.9389332142497776,1.82177697587702,0.5837820877979676,800.0,42733.63060712635,0.2394605228644228,0.0766084287654097,880.2077843108034,uniform,0.9073449896491044,4.963760810199286,-0.0291317209664687,0.0028656583296849,,,,,,,,temporary_amplitude,197.0,,286.0,0.4667307452936296,,False
svm,anomalous_192.csv,anomalous,distorted,0.0575981177134583,0.7076764354797632,1.1148989145341146,-1.1209085428365668,2.235807457370681,0.7053285717799967,1000.0,63015.78696168127,0.0857264561825382,0.0569000022749734,930.3744490062908,uniform,1.1066305408386363,0.1761184793865273,-0.0070832274222298,0.0091206105068714,,,,,,,,temporary_amplitude,154.0,,287.0,0.546855075440678,,False
svm,anomalous_202.csv,anomalous,distorted,-0.0536675748002001,0.7047004520772022,0.9775855866364233,-1.0088216161558894,1.9864072027923123,0.702653910949678,800.0,62435.406790665176,0.3079462581723806,0.0673577365777178,812.6791438370135,uniform,0.9878042953091416,3.854411826069708,-0.0137226890089269,0.0043925683839146,,,,,,,,frequency_change,239.0,,500.0,,1319.2446385638668,False
svm,anomalous_208.csv,anomalous,normal,-0.0266451069756105,0.6010604652093077,0.8329174733795732,-0.8884392368407363,1.7213567102203096,0.6004695838357574,1000.0,45247.99927977991,0.0993904472546527,0.0377564192245168,1010.8786957935874,triangular,0.8569926113771748,2.6958477232600746,-0.0292816623616235,0.002679585853512,,,,,,,,frequency_change,304.0,,500.0,,1554.1037397790951,False
svm,anomalous_242.csv,anomalous,distorted,0.0591618034713643,0.5457266199495737,0.8449798283777263,-0.8342676468166353,1.6792474751943618,0.5425102991940358,1000.0,37664.83114625486,0.1174404547969976,0.0443790562065265,904.620751627074,triangular,0.8376340793759045,5.617817627844126,0.0041379832935964,0.0022158123602772,,,,,,,,temporary_amplitude,161.0,,263.0,0.4628603370334432,,False
svm,anomalous_258.csv,anomalous,normal,0.0666717071190792,0.7203928030580893,1.0168541460162477,-1.0040106440905825,2.02086479010683,0.7173009648451051,800.0,65426.4012888978,0.0788597186274595,0.0219386598408251,974.9868766117912,triangular,1.0065687868819173,1.3673991866960913,0.0049359217121975,0.0026421959343615,,,,,,,,frequency_change,278.0,,500.0,,669.9234208040539,False
svm,anomalous_264.csv,anomalous,normal,0.0625582804401752,0.6766763242730258,1.0750169248974593,-0.9798380205451206,2.05485494544258,0.6737783829865881,800.0,57725.62559701022,0.0970935587791643,0.0482677046244871,838.5245229049716,uniform,1.0211232266731043,3.0239383636041857,0.0469179808554409,0.0041564010866517,,,,,,,,temporary_amplitude,108.0,,192.0,0.4296645800006756,,False
svm,anomalous_270.csv,anomalous,normal,-0.0377723342437794,0.8395903944384008,1.1557101390205735,-1.215959104271659,2.3716692432922324,0.8387402942502555,1000.0,88292.34943787022,0.0734409005886911,0.0152778058691675,984.5573072426412,triangular,1.1832281047976534,1.8990779168328984,-0.0300657490590567,0.0018566794391673,,,,,,,,frequency_change,261.0,,500.0,,1448.1204812863402,False
svm,anomalous_274.csv,anomalous,distorted,0.0611815050274183,0.5854545664981008,1.001316893565734,-0.9363346559158292,1.9376515494815632,0.5822489784242297,1000.0,43312.72999676332,0.1066830352550744,0.0573276013092155,899.6390996913412,uniform,0.9623113201705128,5.117831472734488,0.0286563719767145,0.0098156890920284,,,,,,,,amplitude_decrease,293.0,,500.0,0.5995678958369197,,False
svm,anomalous_277.csv,anomalous,distorted,0.0707195223691914,0.8391460340207623,1.187396081644271,-1.1600038371108516,2.347399918755123,0.8361607594049411,800.0,88645.91618982906,0.1516548805508547,0.0447740628284604,819.9750857140464,uniform,1.1692711170095502,0.3512386426695787,0.0117882743721492,0.0053977999791556,,,,,,,,frequency_change,220.0,,500.0,,1278.1331990472208,False
svm,anomalous_294.csv,anomalous,noisy,0.0272096889280218,0.7402710042728068,1.5543278181841718,-1.558032517353772,3.112360335537944,0.7397707703035518,1200.0,68593.88994975995,0.0437250149359311,0.0394984754674235,1123.6350318693658,triangular,0.8493739619509437,4.698127610850458,0.002467441483248,0.008551403166061,,,,,,,,temporary_amplitude,280.0,,398.0,1.823121997052228,,False
svm,anomalous_316.csv,anomalous,normal,0.0088083010005745,0.8240311388106637,1.1457905694149837,-1.1694340161559864,2.31522458557097,0.8239840602603199,800.0,84888.22223456728,0.0513658514477511,0.0352422346920308,999.486565346954,triangular,1.15001787854966,3.540314034777201,-0.0090622202645752,0.0087331043141024,,,,,,,,frequency_change,168.0,,500.0,,662.2376465840475,False
svm,anomalous_344.csv,anomalous,normal,-0.0143561534742176,0.7266455663837408,1.0997050237279404,-1.1371054605979052,2.2368104843258454,0.7265037370878228,1000.0,66027.49340558339,0.0031722556633854,0.0025624558293888,1002.9961402268796,triangular,1.1053458070833695,2.037461386538417,-0.0180770625473792,0.0075542764403747,,,,,,,,temporary_amplitude,107.0,,205.0,0.5495733406645678,,False
svm,anomalous_349.csv,anomalous,normal,-0.0074167381553585,0.710515077862411,1.0810304522843233,-1.142715910041855,2.223746362326178,0.7104763668588582,800.0,63110.88108314511,0.0566571794538307,0.0449170913659224,827.1492655685607,uniform,1.1039855712170934,1.2840933190649677,-0.0275427697586052,0.0070183993263302,,,,,,,,temporary_amplitude,302.0,,412.0,0.2581125846312949,,False
svm,anomalous_367.csv,anomalous,distorted,-0.0459877509321717,0.5731223619846252,0.7961189206424248,-0.8599859293436571,1.656104849986082,0.5712743373993237,1000.0,41323.3652537713,0.2460548115855489,0.0591132022626163,974.4570961962206,uniform,0.8126730721754767,4.92147634456759,-0.0363588527546733,0.0097517527302052,,,,,,,,frequency_change,303.0,,500.0,,1674.7316899036214,False
svm,anomalous_373.csv,anomalous,noisy,-0.0803610041362499,0.5607612960707069,1.1924931546439754,-1.217042819313542,2.4095359739575173,0.554973278802784,1000.0,40113.89254075662,0.0625109510128705,0.0327986870316291,941.6283931013952,triangular,1.1998716588995828,2.5554509319823646,-0.0164577115112846,0.0060634518735579,,,,,,,,amplitude_decrease,157.0,,500.0,0.4258489117056814,,False
svm,anomalous_390.csv,anomalous,normal,0.0037279658848074,0.7467081920578837,1.0638558948212558,-1.0236376836997545,2.08749357852101,0.7466988860020585,800.0,69698.58653705537,0.0867490614164329,0.0440393337569282,1054.4455116306085,triangular,1.0416177783547012,0.3026959299479536,0.0203627174206963,0.003046159320344,,,,,,,,frequency_change,136.0,,500.0,,648.9934715423306,False
svm,anomalous_483.csv,anomalous,normal,-0.0382528933691696,0.7256703198923612,1.1544631469611726,-1.151169093253139,2.305632240214312,0.7246613894237561,800.0,66007.67770419786,0.0741409511278518,0.0388872400270279,841.9344319232421,uniform,1.1491345461425668,4.796616010143355,0.0015985977130929,0.0036466430752625,,,,,,,,temporary_amplitude,209.0,,322.0,0.3553115760273448,,False
