time,amplitude
0.0,1.052661369529796
1e-05,1.0600773724582415
2e-05,1.0514011140958113
3e-05,1.0614581364436642
4e-05,1.052631106775996
5e-05,1.0441553061152755
6e-05,1.0326864831381812
7e-05,1.01711917753704
8e-05,0.9974330835449438
9e-05,0.9719193266282166
0.0001,0.9585900587958156
0.00011,0.9255450146213008
0.00012,0.885154849456232
0.00013,0.8579972565316168
0.00014,0.8130869200984088
0.00015,0.768373743689345
0.00016,0.7184540549885634
0.00017,0.6667214647149496
0.00018,0.6182040613287173
0.00019,0.5544311194415341
0.0002,0.5041355987144049
0.00021,0.4413254342081158
0.00022,0.3919210145245039
0.00023,0.324306288756033
0.00024,0.2715325552062417
0.00025,0.1975116991222188
0.00026,0.1401190514793857
0.00027,0.0750988475351615
0.00028,0.0217839589046958
0.00029,-0.033639126807189
0.0003,-0.0857965394850377
0.00031,-0.1426370290031269
0.00032,-0.1981537643702339
0.00033,-0.2330062435914858
0.00034,-0.2899449626182348
0.00035,-0.3331371648772693
0.00036,-0.3721142272368358
0.00037,-0.4151090168708917
0.00038,-0.445619656815808
0.00039,-0.4855290341858139
0.0004,-0.5194922261886364
0.00041,-0.5555648425131615
0.00042,-0.5923914200757117
0.00043,-0.6189410804984923
0.00044,-0.6560348962146416
0.00045,-0.6829375829576039
0.00046,-0.7225278670516034
0.00047,-0.7571029570508968
0.00048,-0.794458403927894
0.00049,-0.825624539715635
0.0005,-0.8619593247190052
0.00051,-0.8991662812717663
0.00052,-0.9337502857387804
0.00053,-0.9606361205851937
0.00054,-0.9968284947552816
0.00055,-1.041397292408094
0.00056,-1.066766417086726
0.00057,-1.0957617028608715
0.00058,-1.1317049948126112
0.00059,-1.150945694991581
0.0006,-1.1802280027963452
0.00061,-1.2006734289803105
0.00062,-1.2132156466929422
0.00063,-1.2261197159520174
0.00064,-1.229630936991326
0.00065,-1.23442785795752
0.00066,-1.223326892146154
0.00067,-1.2100621612895173
0.00068,-1.194489795165727
0.00069,-1.1680522883916542
0.0007,-1.1334351789459824
0.00071,-1.092968965431003
0.00072,-1.054728041571877
0.00073,-1.0009081137858826
0.00074,-0.9435620816437776
0.00075,-0.8727039432485801
0.00076,-0.8119878905123723
0.00077,-0.7367393315986237
0.00078,-0.6509679887308004
0.00079,-0.5747860469339051
0.0008,-0.4999266431102976
0.00081,-0.4180652281924987
0.00082,-0.3292721842221137
0.00083,-0.2340861534963043
0.00084,-0.1507711671772227
0.00085,-0.060729319382165
0.00086,0.0190131269523559
0.00087,0.0971327576851953
0.00088,0.1822324336823821
0.00089,0.2485175934201738
0.0009,0.3261520692909937
0.00091,0.396221378290183
0.00092,0.4563513484532965
0.00093,0.5193159829978264
0.00094,0.5764022712090155
0.00095,0.6215258572014826
0.00096,0.6671269272316419
0.00097,0.7177946602030749
0.00098,0.7551674505000673
0.00099,0.7786937208837426
0.001,0.817567061135546
0.00101,0.8376398890074177
0.00102,0.8734725746650673
0.00103,0.8937070837727098
0.00104,0.9141702791049716
0.00105,0.9332189217856166
0.00106,0.9383982603971932
0.00107,0.9607021691391884
0.00108,0.9786545442704052
0.00109,0.9820169011866045
0.0011,0.9980960292811988
0.00111,1.0054643382480262
0.00112,1.0195734663040923
0.00113,1.0280704939597936
0.00114,1.0391916241337449
0.00115,1.0437969447406763
0.00116,1.0489069484413054
0.00117,1.0563448084896372
0.00118,1.0549530193182752
0.00119,1.05225662619232
0.0012,1.0537957547296863
0.00121,1.0432482618524894
0.00122,1.0404160906001607
0.00123,1.0253556210150891
0.00124,1.011445625012083
0.00125,0.9909442747290688
0.00126,0.9733967718550104
0.00127,0.9468211209849062
0.00128,0.9195121698842864
0.00129,0.8760886778648176
0.0013,0.8445622362923153
0.00131,0.8046111989765401
0.00132,0.7635137916754848
0.00133,0.7021725701183292
0.00134,0.6519295692774043
0.00135,0.5980394073931581
0.00136,0.5452090799569461
0.00137,0.4814822406320134
0.00138,0.424071958515256
0.00139,0.3654400950499485
0.0014,0.3098136921841702
0.00141,0.2410545690866581
0.00142,0.1820364644772407
0.00143,0.1275567964420285
0.00144,0.0609011212834092
0.00145,0.0048929142431091
0.00146,-0.0533774600167209
0.00147,-0.1042809054020662
0.00148,-0.1583951840130104
0.00149,-0.2062908368036704
0.0015,-0.2507391575116547
0.00151,-0.3020123881494858
0.00152,-0.3482450304275259
0.00153,-0.3916604271750783
0.00154,-0.4253834814880717
0.00155,-0.4599262390752484
0.00156,-0.4942787650642355
0.00157,-0.5313051958747786
0.00158,-0.559037517272488
0.00159,-0.6003231770313883
0.0016,-0.6352755158398168
0.00161,-0.6633649426936697
0.00162,-0.698653040997464
0.00163,-0.7409156001833416
0.00164,-0.767242007952956
0.00165,-0.7968061649825934
0.00166,-0.8394452639167447
0.00167,-0.8669477734552447
0.00168,-0.9121914458423096
0.00169,-0.948520745583765
0.0017,-0.981387031351522
0.00171,-1.0143916817102907
0.00172,-1.037883206157462
0.00173,-1.086140131864221
0.00174,-1.110712974368371
0.00175,-1.1401969322209426
0.00176,-1.1607041880297615
0.00177,-1.1878512180376355
0.00178,-1.2024464499231506
0.00179,-1.2220836013498773
0.0018,-1.2252756506568117
0.00181,-1.2278127161175778
0.00182,-1.233411472450859
0.00183,-1.222431698811245
0.00184,-1.205907702489894
0.00185,-1.1845906261903625
0.00186,-1.1661954113738355
0.00187,-1.132433241490411
0.00188,-1.079356098161548
0.00189,-1.040173885601296
0.0019,-0.9841468677225312
0.00191,-0.9238826230607546
0.00192,-0.8480250523067234
0.00193,-0.791352091187143
0.00194,-0.7132069606235112
0.00195,-0.630788905038845
0.00196,-0.5504616968201128
0.00197,-0.4739602184816435
0.00198,-0.3869411497459898
0.00199,-0.2844294937549271
0.002,-0.2132598599025862
0.00201,-0.1355075317211215
0.00202,-0.0398020949416325
0.00203,0.0467606398199701
0.00204,0.1193018770763931
0.00205,0.2009644885506987
0.00206,0.2785511208275863
0.00207,0.3425677941503153
0.00208,0.4060817549689431
0.00209,0.4716825363051162
0.0021,0.5378492837669312
0.00211,0.5872473092357043
0.00212,0.6387173885788882
0.00213,0.6855097168630957
0.00214,0.7250960641938802
0.00215,0.7605015292808365
0.00216,0.7905195442282162
0.00217,0.8272004208608355
0.00218,0.8522450827202545
0.00219,0.8803637811699316
0.0022,0.898640306560011
0.00221,0.91515217402406
0.00222,0.930346971352452
0.00223,0.9519675952345192
0.00224,0.9629732393479944
0.00225,0.9710933326055212
0.00226,0.9899186991958072
0.00227,0.9935784102730386
0.00228,1.0124558437590925
0.00229,1.0243449793097998
0.0023,1.029782712096826
0.00231,1.0431986064311058
0.00232,1.0410801661834448
0.00233,1.0521391980080204
0.00234,1.053311237990973
0.00235,1.0627877688977885
0.00236,1.0634675930580573
0.00237,1.0529898899992995
0.00238,1.0454517195831727
0.00239,1.0380295323684818
0.0024,1.0163430135209348
0.00241,1.0132814132986798
0.00242,0.9871581707424152
0.00243,0.9704390410927746
0.00244,0.9359255072233218
0.00245,0.91002033239017
0.00246,0.8732778555684456
0.00247,0.8377850816389747
0.00248,0.7897789579835709
0.00249,0.747935852295718
0.0025,0.6918766826808699
0.00251,0.6424759604106759
0.00252,0.5885011303410116
0.00253,0.5251323588512165
0.00254,0.4747987363477839
0.00255,0.4052068026281915
0.00256,0.351425473859669
0.00257,0.2874510595729255
0.00258,0.2219087667672481
0.00259,0.1703782202109457
0.0026,0.108200780524342
0.00261,0.0455015920305733
0.00262,-0.016623611922931
0.00263,-0.0608952425751575
0.00264,-0.1180501389174867
0.00265,-0.1709879903669121
0.00266,-0.2191291910691686
0.00267,-0.2719432503656908
0.00268,-0.3054528742120636
0.00269,-0.3520956013148941
0.0027,-0.3957794176697408
0.00271,-0.4285955644971306
0.00272,-0.4756626999795452
0.00273,-0.5057712175910775
0.00274,-0.5476051173608879
0.00275,-0.5759090891485392
0.00276,-0.6038597461938008
0.00277,-0.6414561502717305
0.00278,-0.6810907791938783
0.00279,-0.7119461174027992
0.0028,-0.7412899337157426
0.00281,-0.7768540018855769
0.00282,-0.8109810908896069
0.00283,-0.8531876414303605
0.00284,-0.8747350733157455
0.00285,-0.9202181995202896
0.00286,-0.9572208420967198
0.00287,-0.9910069638241912
0.00288,-1.0232653642997014
0.00289,-1.0602150900766298
0.0029,-1.0898417611550784
0.00291,-1.1255446446182231
0.00292,-1.149007272877918
0.00293,-1.1678419284720107
0.00294,-1.191913283980961
0.00295,-1.2132076952443254
0.00296,-1.2224739495145536
0.00297,-1.232094483654875
0.00298,-1.2361347898869994
0.00299,-1.2329608963380327
0.003,-1.2120282730894087
0.00301,-1.2064775400104928
0.00302,-1.1828394791471295
0.00303,-1.1529057563302052
0.00304,-1.1094718197098543
0.00305,-1.0663025180942387
0.00306,-1.0246615355665176
0.00307,-0.9680804061610044
0.00308,-0.9013540320333177
0.00309,-0.8371988770208219
0.0031,-0.7635632333237128
0.00311,-0.6850542141039894
0.00312,-0.605940171309451
0.00313,-0.5240178719237086
0.00314,-0.4458779236972796
0.00315,-0.3600190135898474
0.00316,-0.2681423023742124
0.00317,-0.1910953427146011
0.00318,-0.1030361058694384
0.00319,-0.0161361254672922
0.0032,0.0624512380935377
0.00321,0.1450952021546989
0.00322,0.2221553819596528
0.00323,0.2944603730406862
0.00324,0.3639373134386329
0.00325,0.432737510071603
0.00326,0.4964616757638852
0.00327,0.55094560664976
0.00328,0.5948345203284857
0.00329,0.6517774869864746
0.0033,0.697890205751219
0.00331,0.7367792224323494
0.00332,0.76950957158395
0.00333,0.8086755286686442
0.00334,0.8324303614344639
0.00335,0.8614658677927951
0.00336,0.8823576326874837
0.00337,0.904361649784091
0.00338,0.9223922032061904
0.00339,0.9433399821340104
0.0034,0.958140106714793
0.00341,0.963800013542309
0.00342,0.9785495507129166
0.00343,0.9917687763762146
0.00344,1.0083205950767256
0.00345,1.0133960057804363
0.00346,1.0238537990573884
0.00347,1.024857536418996
0.00348,1.042478416916076
0.00349,1.0408149151984023
0.0035,1.053484299434326
0.00351,1.054458836302779
0.00352,1.0583006709609275
0.00353,1.0568812195440085
0.00354,1.045590152663792
0.00355,1.0455944006123523
0.00356,1.0261452467115042
0.00357,1.018612673077267
0.00358,1.0010842928233024
0.00359,0.9785765100800352
0.0036,0.9593640782573584
0.00361,0.931234355000283
0.00362,0.8977784538376428
0.00363,0.864133508325554
0.00364,0.8207363167130024
0.00365,0.7718131679455886
0.00366,0.7279230184021233
0.00367,0.6742697023161177
0.00368,0.6287966384850459
0.00369,0.577316364562121
0.0037,0.5061972682153666
0.00371,0.4555905913773704
0.00372,0.3906900823835581
0.00373,0.3259268303054107
0.00374,0.2670224825376968
0.00375,0.2060660937045339
0.00376,0.1496863513144313
0.00377,0.089381766006229
0.00378,0.0303142849236717
0.00379,-0.0266953890102268
0.0038,-0.0874916343789194
0.00381,-0.1357515995042613
0.00382,-0.1828950948847319
0.00383,-0.2394514030270281
0.00384,-0.2817732326209183
0.00385,-0.3252935666293644
0.00386,-0.3648448357300659
0.00387,-0.408205876328033
0.00388,-0.4420297337214708
0.00389,-0.4783337507663208
0.0039,-0.5203605541844558
0.00391,-0.5501742559450112
0.00392,-0.5877354400555195
0.00393,-0.626155357596344
0.00394,-0.6486391649211034
0.00395,-0.6839834652915576
0.00396,-0.7149688735637684
0.00397,-0.7476066889276567
0.00398,-0.7829921790932224
0.00399,-0.8228857274619276
0.004,-0.8523950376797058
0.00401,-0.8861414051357919
0.00402,-0.930373934853177
0.00403,-0.95995146614908
0.00404,-0.99866342747961
0.00405,-1.0332361369247565
0.00406,-1.060058977677999
0.00407,-1.097275873804958
0.00408,-1.1225287881706965
0.00409,-1.1557003931623762
0.0041,-1.170556585115785
0.00411,-1.2064641366359234
0.00412,-1.2182992747291626
0.00413,-1.2227547037641653
0.00414,-1.232752861682424
0.00415,-1.2309057812325033
0.00416,-1.221608909208586
0.00417,-1.2128518227222922
0.00418,-1.192516041118015
0.00419,-1.1719743694049112
0.0042,-1.137011222673398
0.00421,-1.1070546541280415
0.00422,-1.057853671854058
0.00423,-1.010893549119308
0.00424,-0.9516073079614468
0.00425,-0.8906198177238922
0.00426,-0.8196560575698835
0.00427,-0.7485546854334282
0.00428,-0.6657997059256735
0.00429,-0.5886188508451815
0.0043,-0.507362625684085
0.00431,-0.4124822608750957
0.00432,-0.33708551640606
0.00433,-0.2535315558441688
0.00434,-0.1644346843038593
0.00435,-0.0789580533154073
0.00436,0.0055091689742906
0.00437,0.080334998398459
0.00438,0.1695611713719985
0.00439,0.249007340934114
0.0044,0.3118379140828169
0.00441,0.3823449442995411
0.00442,0.450036185457771
0.00443,0.513300012680444
0.00444,0.5665754439990701
0.00445,0.6180874313157535
0.00446,0.6719346558363672
0.00447,0.6996281767428536
0.00448,0.7505179782210738
0.00449,0.775213682599719
0.0045,0.8124098951901965
0.00451,0.8401980503552825
0.00452,0.8662787398507908
0.00453,0.8840672878412013
0.00454,0.8981833445101719
0.00455,0.9319604135753852
0.00456,0.947313575114642
0.00457,0.9625902654799458
0.00458,0.9661509468046828
0.00459,0.9851571099684584
0.0046,0.9948901105724384
0.00461,1.0099204555336427
0.00462,1.0202673046540092
0.00463,1.0254452235291305
0.00464,1.034714984742921
0.00465,1.049851478780415
0.00466,1.0527486057650108
0.00467,1.0541300682260086
0.00468,1.0543347764555522
0.00469,1.0550776546727754
0.0047,1.0545746699301666
0.00471,1.0463235695044313
0.00472,1.0383041863332598
0.00473,1.0361706462522056
0.00474,1.0196601308456164
0.00475,1.0017709383386098
0.00476,0.978548385652149
0.00477,0.957027296759893
0.00478,0.9173759212604694
0.00479,0.8804483521153501
0.0048,0.8476152512387252
0.00481,0.8118291511463042
0.00482,0.7701145150061836
0.00483,0.7138985370651902
0.00484,0.6632344814701692
0.00485,0.6051262539825608
0.00486,0.5585713958770991
0.00487,0.4898438091072207
0.00488,0.4284517510054829
0.00489,0.3800947322984603
0.0049,0.3176338709884969
0.00491,0.2462075324678699
0.00492,0.1944998343724487
0.00493,0.1272240295538438
0.00494,0.0706366177356508
0.00495,0.0115223197074782
0.00496,-0.0434566873267863
0.00497,-0.1034968088197605
0.00498,-0.1513937535508815
0.00499,-0.198385130004165
