class,feature,count,mean,std,min,25%,50%,75%,max
anomalous,mean,500.0,0.01513805877849483,0.15541917884281253,-0.48298859827944957,-0.038257076252282536,0.0061613783443235405,0.059223630551683705,0.5554321842950569
anomalous,rms,500.0,0.7999291744675042,0.2504139239897466,0.311148762129746,0.6152582206937879,0.7687449757603283,0.9419411471538632,1.805036535774127
anomalous,max,500.0,1.3717983803586853,0.4938698490302464,0.7628037857599395,0.9830838559069109,1.1520186259095135,1.7417335845903903,2.885722993526116
anomalous,min,500.0,-1.3507819136734727,0.5010152353709878,-2.8210170909936387,-1.7229784423550722,-1.1270264877384675,-0.9625997994090447,-0.7659727543113284
anomalous,peak_to_peak,500.0,2.7225802940321584,0.9597454650485614,1.612604378830707,1.993126301359216,2.346369012240219,3.282083705768458,5.706740084519755
anomalous,std,500.0,0.7850166356725308,0.24900868229279485,0.30889293002011964,0.6089305084212007,0.7439774439083164,0.9013683025249862,1.8028548639755495
anomalous,dominant_frequency,500.0,1026.8,206.12310270062855,600.0,1000.0,1000.0,1000.0,2000.0
anomalous,spectral_energy,500.0,90850.75607282814,58250.797457074936,12276.539083374066,47588.63925944713,77475.8955796079,115638.4455799433,408253.51839144883
anomalous,second_harmonic_ratio,500.0,0.0693943292336252,0.07234135893477069,0.0028937598449118016,0.03158551417034508,0.05376394359545433,0.083944674968766,0.8756774117202779
anomalous,third_harmonic_ratio,500.0,0.03322935769609951,0.02373725230202033,0.0017314833540059812,0.0161440152550325,0.02814975274209764,0.0431299403978679,0.18463701407551933
distorted,mean,500.0,-0.00035531598036098324,0.04399761235449516,-0.11210822404102874,-0.030696367050008045,0.0007731090369484388,0.03284782861310679,0.10815734049614184
distorted,rms,500.0,0.7310117337282869,0.08248900106484051,0.5764872836100426,0.663077087356412,0.7319808604067874,0.8016932819666801,0.894407461499373
distorted,max,500.0,1.0736906298595703,0.17928654194540816,0.682968258164387,0.9410679430403377,1.0615931582002869,1.187217981264085,1.5929699647399649
distorted,min,500.0,-1.0760846283424248,0.1795979487227479,-1.573146448878776,-1.2065336569980027,-1.0662450766003002,-0.9421510091158996,-0.6516962400569989
distorted,peak_to_peak,500.0,2.149775258201995,0.26222206848706026,1.5301498039690906,1.9532814027505023,2.1528061123729367,2.336380313494734,2.8411967846058954
distorted,std,500.0,0.7296928881266288,0.082454977873582,0.5764397254611757,0.661510926820569,0.7290572083821085,0.8002405765054466,0.8943899375764086
distorted,dominant_frequency,500.0,999.2,123.40915541108998,800.0,1000.0,1000.0,1000.0,1200.0
distorted,spectral_energy,500.0,67887.76689044407,15073.532813225547,41549.057971607435,55075.54138659082,67281.3984858992,80628.48231142627,99999.87130367267
distorted,second_harmonic_ratio,500.0,0.13201969277651723,0.052205002288179196,0.013530483800161641,0.092611539693158,0.13080260062589447,0.16852561853605236,0.2649764343923866
distorted,third_harmonic_ratio,500.0,0.06000327177624365,0.030384197213872477,0.0032870100120236836,0.035963377016886795,0.057685003300617946,0.07771176488482898,0.14780909706223228
noisy,mean,500.0,-0.00059182254544746,0.044837445298181025,-0.11685474013137238,-0.03434631745229928,-0.0020345952863251603,0.03195163722543233,0.13140873344969708
noisy,rms,500.0,0.7420892497400251,0.07907877627724796,0.5771240224223753,0.6757082096388771,0.7434686615143891,0.8079376238726237,0.9305559263888719
noisy,max,500.0,1.5072296085729213,0.2266293030106521,0.9960528504844957,1.3479305616947548,1.4931180226200849,1.6632830393062834,2.233117792949261
noisy,min,500.0,-1.5178149321773564,0.2309873995464397,-2.300480878366632,-1.666101612717111,-1.513700640296358,-1.3484283340654626,-1.0073664605699788
noisy,peak_to_peak,500.0,3.025044540750278,0.4334744528043468,2.02290337457347,2.7146359543534606,2.9998077786044206,3.341954356018022,4.4298182865125275
noisy,std,500.0,0.7407327147455726,0.07910901559281826,0.576163877833071,0.6732707280284442,0.7419249597396302,0.8059241574030316,0.9297148673168848
noisy,dominant_frequency,500.0,997.2,119.08199293799281,800.0,1000.0,1000.0,1000.0,1200.0
noisy,spectral_energy,500.0,69881.9130125919,14693.139183286634,41772.676470650826,57518.92787952862,69381.62553884598,82251.61239436993,108446.66614660334
noisy,second_harmonic_ratio,500.0,0.05961905944466165,0.036601275006062105,0.0015454650061632908,0.032010774840672974,0.05488579078217823,0.08016269553537232,0.20321819365691965
noisy,third_harmonic_ratio,500.0,0.0354980130357983,0.02384251246138301,0.0010133064278454642,0.017999571677716368,0.03074052842481427,0.04600263237560281,0.13851798857588846
normal,mean,500.0,0.0015962033719556774,0.043862500636670514,-0.11190309612887143,-0.02784241026603711,0.0024230076683737067,0.0331947933498632,0.1137082581014339
normal,rms,500.0,0.710950382627548,0.07928705482094789,0.5630572989138918,0.6451938032221352,0.7153585762179218,0.7764929576087495,0.8552377907814616
normal,max,500.0,1.0127008781324114,0.11632138989029281,0.7665569191812159,0.9155256140965302,1.0186872019830957,1.1069278353156395,1.2479692312398238
normal,min,500.0,-1.0119698681998317,0.11446079065032394,-1.2579373595936294,-1.1047195716676563,-1.0133676283757649,-0.9204549247619243,-0.7677997312672848
normal,peak_to_peak,500.0,2.024670746332243,0.22372879548518873,1.6206962581647002,1.8397192828986095,2.0392063469125965,2.2143763642350147,2.423786445799051
normal,std,500.0,0.7095993762613346,0.07926526939536242,0.5621256303396327,0.6433420919354174,0.7139715588296273,0.7757388908409152,0.8549513999164008
normal,dominant_frequency,500.0,996.8,118.05776243238343,800.0,1000.0,1000.0,1000.0,1200.0
normal,spectral_energy,500.0,64206.00093683046,14085.825068453752,39760.61406203737,52144.689212451594,64293.26981675282,75441.43517004259,92063.53996198968
normal,second_harmonic_ratio,500.0,0.05265534571378161,0.0352618764408291,0.0002713253168977506,0.02373287664898162,0.04822213134621677,0.07322548461512479,0.1788798213012043
normal,third_harmonic_ratio,500.0,0.02710766821766398,0.019044018606752866,0.00024271348289820016,0.011533940274118205,0.024273936946637983,0.03837419178791169,0.09476498275513878
