model,filename,true_class,predicted_class
random_forest,normal_001.csv,normal,Normal
random_forest,normal_044.csv,normal,Normal
random_forest,normal_429.csv,normal,Normal
random_forest,normal_219.csv,normal,Normal
random_forest,normal_326.csv,normal,Normal
random_forest,normal_046.csv,normal,Normal
random_forest,normal_384.csv,normal,Normal
random_forest,normal_217.csv,normal,Normal
random_forest,noisy_001.csv,noisy,Noisy
random_forest,noisy_065.csv,noisy,Noisy
random_forest,noisy_356.csv,noisy,Noisy
random_forest,noisy_420.csv,noisy,Noisy
random_forest,noisy_226.csv,noisy,Noisy
random_forest,noisy_377.csv,noisy,Noisy
random_forest,noisy_391.csv,noisy,Noisy
random_forest,noisy_256.csv,noisy,Noisy
random_forest,distorted_001.csv,distorted,Distorted
random_forest,distorted_408.csv,distorted,Distorted
random_forest,distorted_225.csv,distorted,Distorted
random_forest,distorted_271.csv,distorted,Distorted
random_forest,distorted_047.csv,distorted,Distorted
random_forest,distorted_200.csv,distorted,Distorted
random_forest,distorted_115.csv,distorted,Distorted
random_forest,distorted_221.csv,distorted,Distorted
random_forest,anomalous_001.csv,anomalous,Anomalous
random_forest,anomalous_083.csv,anomalous,Anomalous
random_forest,anomalous_313.csv,anomalous,Anomalous
random_forest,anomalous_377.csv,anomalous,Anomalous
random_forest,anomalous_178.csv,anomalous,Anomalous
random_forest,anomalous_486.csv,anomalous,Anomalous
random_forest,anomalous_035.csv,anomalous,Anomalous
random_forest,anomalous_349.csv,anomalous,Anomalous
random_forest,anomalous_022.csv,anomalous,Anomalous
random_forest,anomalous_005.csv,anomalous,Anomalous
random_forest,anomalous_004.csv,anomalous,Anomalous
random_forest,anomalous_003.csv,anomalous,Anomalous
svm,normal_001.csv,normal,Normal
svm,normal_044.csv,normal,Normal
svm,normal_429.csv,normal,Normal
svm,normal_219.csv,normal,Normal
svm,normal_326.csv,normal,Normal
svm,normal_046.csv,normal,Normal
svm,normal_384.csv,normal,Normal
svm,normal_217.csv,normal,Normal
svm,noisy_001.csv,noisy,Noisy
svm,noisy_065.csv,noisy,Noisy
svm,noisy_356.csv,noisy,Noisy
svm,noisy_420.csv,noisy,Noisy
svm,noisy_226.csv,noisy,Noisy
svm,noisy_377.csv,noisy,Noisy
svm,noisy_391.csv,noisy,Noisy
svm,noisy_256.csv,noisy,Noisy
svm,distorted_001.csv,distorted,Normal
svm,distorted_408.csv,distorted,Distorted
svm,distorted_225.csv,distorted,Distorted
svm,distorted_271.csv,distorted,Distorted
svm,distorted_047.csv,distorted,Distorted
svm,distorted_200.csv,distorted,Distorted
svm,distorted_115.csv,distorted,Distorted
svm,distorted_221.csv,distorted,Distorted
svm,anomalous_001.csv,anomalous,Anomalous
svm,anomalous_083.csv,anomalous,Anomalous
svm,anomalous_313.csv,anomalous,Anomalous
svm,anomalous_377.csv,anomalous,Anomalous
svm,anomalous_178.csv,anomalous,Anomalous
svm,anomalous_486.csv,anomalous,Anomalous
svm,anomalous_035.csv,anomalous,Noisy
svm,anomalous_349.csv,anomalous,Normal
svm,anomalous_022.csv,anomalous,Anomalous
svm,anomalous_005.csv,anomalous,Anomalous
svm,anomalous_004.csv,anomalous,Normal
svm,anomalous_003.csv,anomalous,Noisy
