mean,rms,max,min,peak_to_peak,std,dominant_frequency,spectral_energy,second_harmonic_ratio,third_harmonic_ratio,filename,class
-0.0016669969141565133,0.6638467498618674,0.9369076521076508,-0.936921311007614,1.873828963115265,0.6638446568463536,1200.0,55086.91457533952,0.006661825666146586,0.003727529089862802,normal_001.csv,normal
-0.04207057242004783,0.6200666856832355,0.8877574232190741,-0.8878012292301463,1.7755586524492204,0.6186378275133537,1200.0,48281.5798680759,0.033859830824765055,0.013130695261988956,normal_002.csv,normal
0.001200170784523877,0.8190075705239196,1.158297405258197,-1.1582961526220952,2.3165935578802923,0.8190066911604453,800.0,83846.85524994755,0.0016164493877731181,0.0008613640637194891,normal_003.csv,normal
0.015618272947446726,0.5823019495654019,0.8211881136373445,-0.8211799191755526,1.6423680328128971,0.5820924583069317,800.0,42414.94903559316,0.02527712395874624,0.012863841788306652,normal_004.csv,normal
0.003532651611651957,0.7454205386958881,1.0520130377129449,-1.052006244791611,2.104019282504556,0.7454121677852185,1000.0,69458.03797038844,0.008761670244807817,0.004860044045971184,normal_005.csv,normal
0.0017544802100335844,0.5894972532299051,0.8346327212015746,-0.8346183447129976,1.669251065914572,0.5894946423546149,1000.0,43439.109132124846,0.12135365438555527,0.07100643482632724,normal_006.csv,normal
-0.05286922873160824,0.7116718008276643,0.995882573661783,-0.995872357395988,1.9917549310577711,0.709705288656225,1000.0,63659.000327252266,0.054583061494753955,0.020944748654091287,normal_007.csv,normal
0.0020458143569258027,0.6681147301760723,0.9536140788502508,-0.9536334503026204,1.9072475291528712,0.6681115979549097,1000.0,55797.73120881681,0.028337330470440385,0.01579905060293706,normal_008.csv,normal
-0.004371856630133607,0.5978228027487623,0.8480680631359289,-0.8480953394284542,1.696163402564383,0.5978068169199738,1000.0,44676.41088518238,0.013962709304997906,0.0076794760573999634,normal_009.csv,normal
-0.0025800519078975695,0.5666542335923216,0.800917548112574,-0.8009168318711842,1.6018343799837582,0.5666483599025537,1200.0,40137.96146876449,0.005734777196947404,0.003110942197357192,normal_010.csv,normal
-0.004081776500858609,0.6528652218557552,0.9253028341221584,-0.92532015763062,1.8506229917527786,0.6528524619003604,1200.0,53281.20735248509,0.0029164029494124486,0.0010957297910528742,normal_011.csv,normal
-0.039718716568730224,0.7320439837204684,1.0352209505571808,-1.035221785527816,2.070442736084997,0.7309656747450365,1200.0,67183.49277037664,0.06741887870124404,0.03701459352142962,normal_012.csv,normal
-0.0011084369246655186,0.6048663373843869,0.8549133838441008,-0.8549183665273125,1.7098317503714133,0.6048653217604618,1000.0,45733.06436529847,0.0011034372994143326,0.0005030076983342744,normal_013.csv,normal
0.025467414408810257,0.5836839198529041,0.8216566633351566,-0.821643063727135,1.6432997270622915,0.5831280554888276,1000.0,42667.190343960334,0.09548377279534213,0.054715507704678014,normal_014.csv,normal
0.0003620473295575692,0.7642066265391904,1.076740983382922,-1.076715185819639,2.153456169202561,0.7642065407781725,1000.0,73002.06091009859,0.11188784018627623,0.06526969183879983,normal_015.csv,normal
-0.0330797309178061,0.5941476963896288,0.828541252494008,-0.8285390348663013,1.6570802873603094,0.593226109108077,1000.0,44263.2236994643,0.03396602701907715,0.013231928024721574,normal_016.csv,normal
0.026875435682679367,0.6287552538583555,0.8829952531386965,-0.883022059401358,1.7660173125400545,0.6281806111393055,800.0,49506.95606641647,0.03617602694479141,0.01758413886820944,normal_017.csv,normal
-0.055633409384751566,0.7448155193699124,1.0458081462484463,-1.0458105504437245,2.091618696692171,0.7427348663247884,800.0,69730.76564127894,0.07890439614678468,0.03736374246955381,normal_018.csv,normal
-0.008948330394443626,0.7850797748681788,1.1151942081633095,-1.1150390395765846,2.230233247739894,0.7850287767274665,800.0,77053.81255526218,0.021149870233669977,0.011578626393423247,normal_019.csv,normal
-0.07206210632637644,0.7632203525222098,1.0855706753963985,-1.0855512864942216,2.17112196189062,0.7598107391554374,1000.0,73462.3167463342,0.0585239452021209,0.025881426319369474,normal_020.csv,normal
-0.004172502957760468,0.7936284009372254,1.735127614871577,-1.9761652223328323,3.711292837204409,0.7936174323899677,1200.0,78733.23998779187,0.10322014258390677,0.05840701289599023,noisy_001.csv,noisy
0.015069028191743385,0.6719338581035466,1.4951538391074148,-1.4582240510201387,2.9533778901275536,0.6717648651539267,1000.0,56554.81923306304,0.1206352241318653,0.07282245257108101,noisy_002.csv,noisy
-0.036321470303479673,0.7460784396466328,1.628236703000201,-1.5447739640433595,3.1730106670435605,0.7451937928489124,1000.0,69788.87111896487,0.05773634206557734,0.061176137117858756,noisy_003.csv,noisy
0.008904662653055567,0.7959909174689257,1.6280131512015243,-1.4998818412869783,3.1278949924885024,0.7959411081707348,1000.0,79231.48240690283,0.02554082967726075,0.012104644926645453,noisy_004.csv,noisy
0.00858366224161554,0.6560047052209533,1.333093085087102,-1.2895106693390748,2.6226037544261764,0.6559485452492075,1200.0,53836.39916410973,0.04086507649697596,0.0012497815753763075,noisy_005.csv,noisy
0.029772963626432475,0.8519699021396834,1.6048886113150092,-1.64738633872917,3.252274950044179,0.8514495198124201,800.0,90847.92889098995,0.021011918264369968,0.006932036560966331,noisy_006.csv,noisy
-0.014757810050486693,0.7073607686880562,1.399108592548434,-1.347131893571381,2.746240486119815,0.7072068043517903,1000.0,62573.745089803706,0.050329342671028926,0.026634557471842624,noisy_007.csv,noisy
0.01633618318663231,0.8395637251560156,1.7788356583464926,-2.006873123654705,3.7857087820011976,0.8394047758481832,1000.0,88144.52736376888,0.026528581212299757,0.004821517535446046,noisy_008.csv,noisy
0.006787035070032888,0.8491060721207954,1.512653568281651,-1.643191341736674,3.155844910018325,0.8490789467813717,1200.0,90136.66480567977,0.009761100027986186,0.012023109317991026,noisy_009.csv,noisy
-0.03154922659404926,0.7729348438001227,1.6207737664044877,-1.5558447378198388,3.1766185042243267,0.7722906959569287,800.0,74844.16578651486,0.03452753759838443,0.02496993943219594,noisy_010.csv,noisy
0.036124630312901945,0.8813471203145675,1.863033202405948,-1.834135603103572,3.69716880550952,0.8806064714567666,800.0,97321.6412296925,0.15656752434057639,0.05886945811623678,noisy_011.csv,noisy
0.04567836772409394,0.7309269341632455,1.6440060067160884,-1.3983577644440486,3.042363771160137,0.7294982315313341,1000.0,67115.43740948457,0.05675709365817522,0.01782077262917961,noisy_012.csv,noisy
0.04105731584327348,0.7511948681348739,1.646299988714674,-1.636052234676477,3.2823522233911513,0.7500720143612319,1200.0,70802.82800562937,0.023475604596336384,0.026184605088728274,noisy_013.csv,noisy
0.0216911877559357,0.7490521893922462,1.4056741982484606,-1.4561980506139878,2.8618722488624484,0.7487380548676914,1200.0,70197.7503337015,0.0432668526237974,0.02325838783160158,noisy_014.csv,noisy
0.013122329720530913,0.6248697716519609,1.4009001895912825,-1.3730890810347427,2.773989270626025,0.6247319713181642,800.0,48841.16897332135,0.007757496558452721,0.009154337405254112,noisy_015.csv,noisy
-0.028953237249605402,0.644759013141519,1.497589995769078,-1.42628301638203,2.923873012151108,0.6441086050348913,1000.0,52085.46875683905,0.08491510655641171,0.07690610912311152,noisy_016.csv,noisy
0.02544208551530027,0.8491807288264847,1.948280110210158,-1.8763869656777867,3.8246670758879446,0.8487995113658536,1200.0,90344.1051707884,0.04931198637080139,0.04552321106949756,noisy_017.csv,noisy
0.0482866857324631,0.7884210612915388,1.8025693147166115,-1.9199837493249088,3.72255306404152,0.7869410180369625,1000.0,78029.46775844006,0.08427739182549047,0.043398311459154834,noisy_018.csv,noisy
0.02702573157740012,0.8079445928087845,1.5581116746975827,-1.6665092203494205,3.2246208950470034,0.8074924611918423,1200.0,81693.53192191645,0.030643055658945685,0.00763792339589415,noisy_019.csv,noisy
0.007836710763168497,0.709600544874946,1.2450853665870607,-1.3359421144748136,2.5810274810618745,0.7095572698882272,1000.0,62965.471064346726,0.07346280014835971,0.06845420243063217,noisy_020.csv,noisy
0.01556861449344409,0.6954210890069845,0.9557846595560364,-1.1984433789828917,2.1542280385389283,0.6952467973881036,1200.0,60481.61422861648,0.22178741244893532,0.11858412499644558,distorted_001.csv,distorted
0.046574584126161854,0.821670608243795,1.0967463426756756,-1.1280817387858415,2.224828081461517,0.8203495575455643,1200.0,84664.05717287264,0.08902390824740722,0.0191330595147136,distorted_002.csv,distorted
0.046925022691896606,0.8583463299717579,1.4277064832301094,-1.178982516642442,2.606688999872551,0.8570626957354699,800.0,92370.0501816858,0.11628124111353523,0.07132098161693831,distorted_003.csv,distorted
-0.017881184204263705,0.6105031642001678,0.969502357099968,-0.7999118844394569,1.769414241539425,0.6102412447138182,1000.0,46629.56429246728,0.15069241899750993,0.059252926738571014,distorted_004.csv,distorted
-0.0012506368221317744,0.6758490354173116,0.9328800974831788,-1.2287115519925416,2.1615916494757204,0.6758478782847881,800.0,57097.096400575676,0.21247909233104925,0.05779698307481283,distorted_005.csv,distorted
-0.00045235723552101346,0.7518409928049894,1.2579874309182564,-0.8837797407357247,2.141767171653981,0.7518408567209708,1200.0,70658.15283408802,0.23610102221732582,0.1293559625380479,distorted_006.csv,distorted
0.0061567154548746875,0.6787453154134039,0.934649912475906,-1.114164503868585,2.048814416344491,0.6787173918874106,800.0,57591.63889573342,0.22782089263463326,0.13405445279117742,distorted_007.csv,distorted
0.03272892241512246,0.7195370864566232,1.1571609740906672,-0.8448171730939193,2.0019781471845866,0.7187923458301646,1000.0,64850.67666539738,0.13275015793077566,0.03283691092616419,distorted_008.csv,distorted
0.0009264276674239236,0.6798304921473486,0.8710179288629856,-1.0845948732727426,1.9556128021357282,0.6798298609101274,800.0,57771.401137251276,0.08848628389876775,0.05316759242899405,distorted_009.csv,distorted
-0.017122204850880007,0.835674262828911,1.091002200392502,-1.3235956595379916,2.4145978599304936,0.8354988352210244,1000.0,87330.58390084433,0.13218893900080136,0.08857301768545486,distorted_010.csv,distorted
-0.026657556192387622,0.8747097268128092,1.2723534451981855,-1.1989704586406325,2.471323903838818,0.8743034260934753,1000.0,95729.01254728207,0.05687965542055829,0.0684686278963159,distorted_011.csv,distorted
0.014566711620066442,0.8033786644550656,1.1310424123290057,-1.0519161142793343,2.18295852660834,0.80324659315442,1000.0,80704.19349499502,0.1453990856538607,0.062360704814214615,distorted_012.csv,distorted
-0.02325600648817772,0.6484933967377834,0.8956512998580286,-1.0075986090720892,1.9032499089301178,0.648076263856909,1000.0,52635.84008867326,0.15731479044962351,0.028786705576896048,distorted_013.csv,distorted
0.027114660984440393,0.8063104846358691,1.038939144570888,-1.3682182732958157,2.4071574178667037,0.8058544488885255,1000.0,81359.02429404511,0.15254209467399282,0.0898539172723822,distorted_014.csv,distorted
0.07130914104704729,0.8611885064325796,1.385797025723423,-1.1714369604897072,2.55723398621313,0.8582311168995852,800.0,93341.39441745597,0.01844076340318476,0.025271109881431848,distorted_015.csv,distorted
-0.009941011204938448,0.6130265061203616,1.0188730098985948,-0.7946414753842056,1.8135144852828002,0.6129458976960046,1000.0,46987.54139118576,0.25239675030268877,0.06835350557947237,distorted_016.csv,distorted
-0.0009322158092639725,0.7097482533494224,1.2352932058262105,-0.9790764090895192,2.2143696149157295,0.7097476411417235,1200.0,62968.062451517035,0.12489140112044785,0.0962068019456063,distorted_017.csv,distorted
0.001576723352131708,0.6647519216896178,0.7833218762494073,-1.141023736363965,1.9243456126133722,0.6647500517739812,1200.0,55237.20224992406,0.19691883053764422,0.0905235722895646,distorted_018.csv,distorted
-0.025505011548033692,0.6826804369514283,0.955097507150282,-1.0318821493814962,1.986979656531778,0.6822038356548047,1000.0,58337.94223414777,0.12872418214682557,0.05674631539206971,distorted_019.csv,distorted
-0.01432381579197558,0.637896414635936,1.032287151315222,-0.8719514275931727,1.9042385789083949,0.6377355753810036,1200.0,50889.74414059376,0.09101820407482854,0.014504322653734063,distorted_020.csv,distorted
0.0010536375342066933,1.291124476614731,2.2551238921273065,-2.255193397943493,4.5103172900708,1.2911240466979186,1200.0,208376.4285553637,0.0629935968585575,0.036187440507876756,anomalous_001.csv,anomalous
-0.03234639941646636,0.779061336619373,1.2880433041086428,-1.2880721891534244,2.5761154932620673,0.7783895404358633,1000.0,75997.87043634581,0.02318159376795101,0.013338470048350141,anomalous_002.csv,anomalous
0.1381434490422442,1.598038568882294,2.9168430971023502,-2.916879579400795,5.833722676503145,1.5920564233475152,800.0,321601.419947429,0.07020879326561101,0.02680266399602564,anomalous_003.csv,anomalous
0.02395756305159826,1.1867274549326186,2.094914260505109,-2.0947746911282032,4.189688951633313,1.186485603563515,800.0,176112.81004095328,0.10288439679197407,0.0557679690476222,anomalous_004.csv,anomalous
-0.09424099104790924,1.242136558579118,2.227934111380668,-2.227937261941464,4.4558713733221325,1.23855636358023,1000.0,193973.09499248848,0.05052110494650132,0.03449223301270866,anomalous_005.csv,anomalous
0.060763982351110045,0.9265025902322885,1.626349541340092,-1.6262999516855332,3.252649493025625,0.9245078626793685,1000.0,107762.42214642995,0.03208848207386206,0.018164756945984063,anomalous_006.csv,anomalous
-0.010591578858406678,1.135164112379321,2.051835312974041,-2.0518321425923283,4.103667455566369,1.1351146992666503,800.0,161088.81832432965,0.03266701321420572,0.01807224384843169,anomalous_007.csv,anomalous
-0.1080491884297265,1.1415229905492144,1.999487732634636,-1.9995589926933235,3.9990467253279594,1.136397866432395,1000.0,164343.71020524364,0.05305041335265882,0.02881649380511833,anomalous_008.csv,anomalous
-0.023905901554741163,0.8322190614224392,1.4792750007498343,-1.479146347634042,2.9584213483838764,0.8318756361774882,1000.0,86645.49026911185,0.09142457427535923,0.0441173697560579,anomalous_009.csv,anomalous
-0.007020976089694863,1.1218349283260163,1.9869587954954395,-1.9870398417846624,3.973998637280102,1.1218129578084692,1000.0,157321.1252212411,0.0760745652197984,0.022647494959448265,anomalous_010.csv,anomalous
-0.020972205699703716,1.0475709822016992,1.8879742911510555,-1.8881362712364016,3.776110562387457,1.0473610310390213,1000.0,137231.38029080984,0.08676207615010711,0.01681527345636698,anomalous_011.csv,anomalous
-0.0695158097655889,0.8563237250660912,1.399134817398198,-1.3991487556537725,2.7982835730519704,0.8534974366122614,800.0,92265.3547857829,0.05616750036075153,0.02114164873687618,anomalous_012.csv,anomalous
-0.07497389011600385,1.138327494618142,2.043837987025953,-2.043867973882428,4.087705960908381,1.1358558010612483,1000.0,162676.79780979705,0.06755983742682727,0.041003115149267376,anomalous_013.csv,anomalous
0.03462453888716514,0.7994358853031471,1.374036588236391,-1.3739004940963766,2.7479370823327676,0.7986857179249407,1000.0,80037.15082672573,0.036545566304601214,0.007878633670797684,anomalous_014.csv,anomalous
-0.026103586747043658,1.0122529147776929,1.8476947487441653,-1.8476272747169444,3.6953220234611095,1.0119162842028357,1200.0,128167.17100080095,0.012714249277625983,0.004894494605444559,anomalous_015.csv,anomalous
0.02287752423367536,0.8719024726736748,1.528565338510506,-1.5285656227894555,3.0571309612999613,0.8716022835785858,1000.0,95092.47317738691,0.058797491305624845,0.011339000218116494,anomalous_016.csv,anomalous
0.02420652693247414,1.0923320364049218,2.0438509286395736,-2.04370360714809,4.087554535787664,1.0920637901745442,800.0,149222.30072405428,0.07481866482130183,0.040697186909063224,anomalous_017.csv,anomalous
0.05623670918669555,1.0814532514083786,1.858876841866348,-1.8591592860505632,3.7180361279169114,1.079990077510717,1000.0,146588.06247101596,0.0354457712642984,0.010505603559451224,anomalous_018.csv,anomalous
-0.05640770458086247,1.0582639325477914,1.771998679735026,-1.772257214843291,3.544255894578317,1.0567595383035038,1000.0,140388.6253192584,0.07595962348983955,0.048489132266150814,anomalous_019.csv,anomalous
-0.05008701059727088,1.0754513329360176,1.8633450150959048,-1.863363757906349,3.7267087730022537,1.0742843482445819,1000.0,144888.03687818945,0.02358234586750236,0.006243428569088513,anomalous_020.csv,anomalous
