,mean,rms,max,min,peak_to_peak,std,dominant_frequency,spectral_energy,second_harmonic_ratio,third_harmonic_ratio
mean,1.0,0.03372679560786932,0.18529033543777845,0.16914218304542364,0.0075875782303071225,0.011913678012723073,0.01061211084506731,0.054929041701162265,-0.03118419468836199,-0.02042778634138762
rms,0.03372679560786932,1.0,0.7333251932484037,-0.7284855512103556,0.7599194832955578,0.9939212845364651,0.011187747813220402,0.9773269025727868,-0.06810931577215391,-0.03372919931258364
max,0.18529033543777845,0.7333251932484037,1.0,-0.8501369337146143,0.9614627744306441,0.7336017523711177,-0.002254419899481051,0.7206344763103307,-0.14758387111126262,-0.029828232218314762
min,0.16914218304542364,-0.7284855512103556,-0.8501369337146143,1.0,-0.9621453239035339,-0.7363214735012611,0.0023603709714329385,-0.7082315882866749,0.1506861219993053,0.042142403993630596
peak_to_peak,0.0075875782303071225,0.7599194832955578,0.9614627744306441,-0.9621453239035339,1.0,0.76415401671607,-0.002399266161996047,0.7427757835635966,-0.15506439136158495,-0.037442380774097866
std,0.011913678012723073,0.9939212845364651,0.7336017523711177,-0.7363214735012611,0.76415401671607,1.0,0.016175858749855093,0.9623195419639505,-0.0597235681454253,-0.025482937775835525
dominant_frequency,0.01061211084506731,0.011187747813220402,-0.002254419899481051,0.0023603709714329385,-0.002399266161996047,0.016175858749855093,1.0,0.007796050981781391,-0.26206419254568464,-0.18117009585028454
spectral_energy,0.054929041701162265,0.9773269025727868,0.7206344763103307,-0.7082315882866749,0.7427757835635966,0.9623195419639505,0.007796050981781391,1.0,-0.08199678576010357,-0.048944844464090725
second_harmonic_ratio,-0.03118419468836199,-0.06810931577215391,-0.14758387111126262,0.1506861219993053,-0.15506439136158495,-0.0597235681454253,-0.26206419254568464,-0.08199678576010357,1.0,0.6967743603836503
third_harmonic_ratio,-0.02042778634138762,-0.03372919931258364,-0.029828232218314762,0.042142403993630596,-0.037442380774097866,-0.025482937775835525,-0.18117009585028454,-0.048944844464090725,0.6967743603836503,1.0
