row_index,class,split,filename
0,normal,train,normal_001.csv
1,normal,train,normal_002.csv
2,normal,test,normal_003.csv
3,normal,test,normal_004.csv
4,normal,test,normal_005.csv
5,normal,train,normal_006.csv
6,normal,train,normal_007.csv
7,normal,train,normal_008.csv
8,normal,test,normal_009.csv
9,normal,train,normal_010.csv
10,normal,test,normal_011.csv
11,normal,train,normal_012.csv
12,normal,train,normal_013.csv
13,normal,train,normal_014.csv
14,normal,test,normal_015.csv
15,normal,test,normal_016.csv
16,normal,train,normal_017.csv
17,normal,train,normal_018.csv
18,normal,train,normal_019.csv
19,normal,test,normal_020.csv
20,normal,train,normal_021.csv
21,normal,train,normal_022.csv
22,normal,train,normal_023.csv
23,normal,train,normal_024.csv
24,normal,train,normal_025.csv
25,normal,train,normal_026.csv
26,normal,train,normal_027.csv
27,normal,train,normal_028.csv
28,normal,test,normal_029.csv
29,normal,train,normal_030.csv
30,normal,train,normal_031.csv
31,normal,train,normal_032.csv
32,normal,train,normal_033.csv
33,normal,test,normal_034.csv
34,normal,train,normal_035.csv
35,normal,train,normal_036.csv
36,normal,train,normal_037.csv
37,normal,train,normal_038.csv
38,normal,test,normal_039.csv
39,normal,train,normal_040.csv
40,normal,train,normal_041.csv
41,normal,train,normal_042.csv
42,normal,train,normal_043.csv
43,normal,train,normal_044.csv
44,normal,train,normal_045.csv
45,normal,train,normal_046.csv
46,normal,test,normal_047.csv
47,normal,train,normal_048.csv
48,normal,train,normal_049.csv
49,normal,train,normal_050.csv
50,normal,train,normal_051.csv
51,normal,test,normal_052.csv
52,normal,train,normal_053.csv
53,normal,test,normal_054.csv
54,normal,train,normal_055.csv
55,normal,train,normal_056.csv
56,normal,train,normal_057.csv
57,normal,train,normal_058.csv
58,normal,test,normal_059.csv
59,normal,train,normal_060.csv
60,normal,test,normal_061.csv
61,normal,test,normal_062.csv
62,normal,test,normal_063.csv
63,normal,train,normal_064.csv
64,normal,test,normal_065.csv
65,normal,train,normal_066.csv
66,normal,train,normal_067.csv
67,normal,train,normal_068.csv
68,normal,train,normal_069.csv
69,normal,train,normal_070.csv
70,normal,train,normal_071.csv
71,normal,test,normal_072.csv
72,normal,test,normal_073.csv
73,normal,train,normal_074.csv
74,normal,train,normal_075.csv
75,normal,train,normal_076.csv
76,normal,train,normal_077.csv
77,normal,train,normal_078.csv
78,normal,train,normal_079.csv
79,normal,train,normal_080.csv
80,normal,train,normal_081.csv
81,normal,train,normal_082.csv
82,normal,train,normal_083.csv
83,normal,train,normal_084.csv
84,normal,train,normal_085.csv
85,normal,train,normal_086.csv
86,normal,train,normal_087.csv
87,normal,train,normal_088.csv
88,normal,train,normal_089.csv
89,normal,train,normal_090.csv
90,normal,train,normal_091.csv
91,normal,train,normal_092.csv
92,normal,train,normal_093.csv
93,normal,train,normal_094.csv
94,normal,train,normal_095.csv
95,normal,test,normal_096.csv
96,normal,train,normal_097.csv
97,normal,train,normal_098.csv
98,normal,test,normal_099.csv
99,normal,train,normal_100.csv
100,normal,train,normal_101.csv
101,normal,train,normal_102.csv
102,normal,train,normal_103.csv
103,normal,train,normal_104.csv
104,normal,train,normal_105.csv
105,normal,train,normal_106.csv
106,normal,test,normal_107.csv
107,normal,test,normal_108.csv
108,normal,train,normal_109.csv
109,normal,train,normal_110.csv
110,normal,train,normal_111.csv
111,normal,train,normal_112.csv
112,normal,train,normal_113.csv
113,normal,train,normal_114.csv
114,normal,train,normal_115.csv
115,normal,train,normal_116.csv
116,normal,train,normal_117.csv
117,normal,train,normal_118.csv
118,normal,train,normal_119.csv
119,normal,train,normal_120.csv
120,normal,train,normal_121.csv
121,normal,train,normal_122.csv
122,normal,train,normal_123.csv
123,normal,train,normal_124.csv
124,normal,train,normal_125.csv
125,normal,train,normal_126.csv
126,normal,train,normal_127.csv
127,normal,train,normal_128.csv
128,normal,train,normal_129.csv
129,normal,train,normal_130.csv
130,normal,train,normal_131.csv
131,normal,train,normal_132.csv
132,normal,train,normal_133.csv
133,normal,train,normal_134.csv
134,normal,train,normal_135.csv
135,normal,train,normal_136.csv
136,normal,train,normal_137.csv
137,normal,train,normal_138.csv
138,normal,train,normal_139.csv
139,normal,test,normal_140.csv
140,normal,test,normal_141.csv
141,normal,test,normal_142.csv
142,normal,train,normal_143.csv
143,normal,train,normal_144.csv
144,normal,test,normal_145.csv
145,normal,test,normal_146.csv
146,normal,train,normal_147.csv
147,normal,test,normal_148.csv
148,normal,train,normal_149.csv
149,normal,train,normal_150.csv
150,normal,train,normal_151.csv
151,normal,train,normal_152.csv
152,normal,test,normal_153.csv
153,normal,train,normal_154.csv
154,normal,train,normal_155.csv
155,normal,train,normal_156.csv
156,normal,train,normal_157.csv
157,normal,test,normal_158.csv
158,normal,train,normal_159.csv
159,normal,train,normal_160.csv
160,normal,test,normal_161.csv
161,normal,train,normal_162.csv
162,normal,train,normal_163.csv
163,normal,train,normal_164.csv
164,normal,train,normal_165.csv
165,normal,train,normal_166.csv
166,normal,train,normal_167.csv
167,normal,train,normal_168.csv
168,normal,train,normal_169.csv
169,normal,test,normal_170.csv
170,normal,train,normal_171.csv
171,normal,train,normal_172.csv
172,normal,train,normal_173.csv
173,normal,train,normal_174.csv
174,normal,train,normal_175.csv
175,normal,train,normal_176.csv
176,normal,test,normal_177.csv
177,normal,test,normal_178.csv
178,normal,train,normal_179.csv
179,normal,train,normal_180.csv
180,normal,train,normal_181.csv
181,normal,train,normal_182.csv
182,normal,test,normal_183.csv
183,normal,train,normal_184.csv
184,normal,test,normal_185.csv
185,normal,train,normal_186.csv
186,normal,test,normal_187.csv
187,normal,train,normal_188.csv
188,normal,train,normal_189.csv
189,normal,train,normal_190.csv
190,normal,train,normal_191.csv
191,normal,train,normal_192.csv
192,normal,test,normal_193.csv
193,normal,train,normal_194.csv
194,normal,train,normal_195.csv
195,normal,train,normal_196.csv
196,normal,train,normal_197.csv
197,normal,test,normal_198.csv
198,normal,test,normal_199.csv
199,normal,train,normal_200.csv
200,normal,train,normal_201.csv
201,normal,train,normal_202.csv
202,normal,train,normal_203.csv
203,normal,train,normal_204.csv
204,normal,train,normal_205.csv
205,normal,train,normal_206.csv
206,normal,train,normal_207.csv
207,normal,train,normal_208.csv
208,normal,train,normal_209.csv
209,normal,test,normal_210.csv
210,normal,train,normal_211.csv
211,normal,train,normal_212.csv
212,normal,train,normal_213.csv
213,normal,train,normal_214.csv
214,normal,test,normal_215.csv
215,normal,test,normal_216.csv
216,normal,train,normal_217.csv
217,normal,test,normal_218.csv
218,normal,train,normal_219.csv
219,normal,train,normal_220.csv
220,normal,train,normal_221.csv
221,normal,train,normal_222.csv
222,normal,train,normal_223.csv
223,normal,train,normal_224.csv
224,normal,train,normal_225.csv
225,normal,test,normal_226.csv
226,normal,test,normal_227.csv
227,normal,train,normal_228.csv
228,normal,train,normal_229.csv
229,normal,train,normal_230.csv
230,normal,train,normal_231.csv
231,normal,train,normal_232.csv
232,normal,train,normal_233.csv
233,normal,train,normal_234.csv
234,normal,train,normal_235.csv
235,normal,test,normal_236.csv
236,normal,train,normal_237.csv
237,normal,train,normal_238.csv
238,normal,test,normal_239.csv
239,normal,train,normal_240.csv
240,normal,test,normal_241.csv
241,normal,train,normal_242.csv
242,normal,test,normal_243.csv
243,normal,train,normal_244.csv
244,normal,test,normal_245.csv
245,normal,train,normal_246.csv
246,normal,test,normal_247.csv
247,normal,train,normal_248.csv
248,normal,train,normal_249.csv
249,normal,train,normal_250.csv
250,normal,test,normal_251.csv
251,normal,train,normal_252.csv
252,normal,train,normal_253.csv
253,normal,train,normal_254.csv
254,normal,train,normal_255.csv
255,normal,train,normal_256.csv
256,normal,train,normal_257.csv
257,normal,train,normal_258.csv
258,normal,test,normal_259.csv
259,normal,test,normal_260.csv
260,normal,test,normal_261.csv
261,normal,test,normal_262.csv
262,normal,train,normal_263.csv
263,normal,train,normal_264.csv
264,normal,train,normal_265.csv
265,normal,test,normal_266.csv
266,normal,train,normal_267.csv
267,normal,train,normal_268.csv
268,normal,test,normal_269.csv
269,normal,train,normal_270.csv
270,normal,train,normal_271.csv
271,normal,test,normal_272.csv
272,normal,train,normal_273.csv
273,normal,test,normal_274.csv
274,normal,train,normal_275.csv
275,normal,train,normal_276.csv
276,normal,train,normal_277.csv
277,normal,train,normal_278.csv
278,normal,train,normal_279.csv
279,normal,train,normal_280.csv
280,normal,train,normal_281.csv
281,normal,train,normal_282.csv
282,normal,train,normal_283.csv
283,normal,train,normal_284.csv
284,normal,train,normal_285.csv
285,normal,train,normal_286.csv
286,normal,train,normal_287.csv
287,normal,train,normal_288.csv
288,normal,train,normal_289.csv
289,normal,train,normal_290.csv
290,normal,train,normal_291.csv
291,normal,train,normal_292.csv
292,normal,test,normal_293.csv
293,normal,train,normal_294.csv
294,normal,test,normal_295.csv
295,normal,train,normal_296.csv
296,normal,train,normal_297.csv
297,normal,train,normal_298.csv
298,normal,train,normal_299.csv
299,normal,train,normal_300.csv
300,normal,train,normal_301.csv
301,normal,test,normal_302.csv
302,normal,train,normal_303.csv
303,normal,train,normal_304.csv
304,normal,test,normal_305.csv
305,normal,train,normal_306.csv
306,normal,train,normal_307.csv
307,normal,train,normal_308.csv
308,normal,train,normal_309.csv
309,normal,test,normal_310.csv
310,normal,test,normal_311.csv
311,normal,train,normal_312.csv
312,normal,test,normal_313.csv
313,normal,train,normal_314.csv
314,normal,train,normal_315.csv
315,normal,train,normal_316.csv
316,normal,train,normal_317.csv
317,normal,test,normal_318.csv
318,normal,test,normal_319.csv
319,normal,train,normal_320.csv
320,normal,train,normal_321.csv
321,normal,train,normal_322.csv
322,normal,train,normal_323.csv
323,normal,test,normal_324.csv
324,normal,train,normal_325.csv
325,normal,train,normal_326.csv
326,normal,train,normal_327.csv
327,normal,train,normal_328.csv
328,normal,train,normal_329.csv
329,normal,test,normal_330.csv
330,normal,train,normal_331.csv
331,normal,train,normal_332.csv
332,normal,test,normal_333.csv
333,normal,train,normal_334.csv
334,normal,train,normal_335.csv
335,normal,train,normal_336.csv
336,normal,train,normal_337.csv
337,normal,test,normal_338.csv
338,normal,train,normal_339.csv
339,normal,test,normal_340.csv
340,normal,train,normal_341.csv
341,normal,train,normal_342.csv
342,normal,train,normal_343.csv
343,normal,test,normal_344.csv
344,normal,train,normal_345.csv
345,normal,train,normal_346.csv
346,normal,train,normal_347.csv
347,normal,train,normal_348.csv
348,normal,test,normal_349.csv
349,normal,train,normal_350.csv
350,normal,train,normal_351.csv
351,normal,train,normal_352.csv
352,normal,train,normal_353.csv
353,normal,train,normal_354.csv
354,normal,train,normal_355.csv
355,normal,train,normal_356.csv
356,normal,train,normal_357.csv
357,normal,train,normal_358.csv
358,normal,test,normal_359.csv
359,normal,train,normal_360.csv
360,normal,train,normal_361.csv
361,normal,train,normal_362.csv
362,normal,train,normal_363.csv
363,normal,test,normal_364.csv
364,normal,train,normal_365.csv
365,normal,test,normal_366.csv
366,normal,train,normal_367.csv
367,normal,train,normal_368.csv
368,normal,train,normal_369.csv
369,normal,train,normal_370.csv
370,normal,train,normal_371.csv
371,normal,train,normal_372.csv
372,normal,test,normal_373.csv
373,normal,train,normal_374.csv
374,normal,train,normal_375.csv
375,normal,test,normal_376.csv
376,normal,test,normal_377.csv
377,normal,test,normal_378.csv
378,normal,test,normal_379.csv
379,normal,test,normal_380.csv
380,normal,train,normal_381.csv
381,normal,test,normal_382.csv
382,normal,train,normal_383.csv
383,normal,train,normal_384.csv
384,normal,train,normal_385.csv
385,normal,train,normal_386.csv
386,normal,train,normal_387.csv
387,normal,train,normal_388.csv
388,normal,test,normal_389.csv
389,normal,train,normal_390.csv
390,normal,train,normal_391.csv
391,normal,train,normal_392.csv
392,normal,train,normal_393.csv
393,normal,train,normal_394.csv
394,normal,train,normal_395.csv
395,normal,train,normal_396.csv
396,normal,test,normal_397.csv
397,normal,train,normal_398.csv
398,normal,test,normal_399.csv
399,normal,train,normal_400.csv
400,normal,train,normal_401.csv
401,normal,train,normal_402.csv
402,normal,train,normal_403.csv
403,normal,train,normal_404.csv
404,normal,train,normal_405.csv
405,normal,train,normal_406.csv
406,normal,train,normal_407.csv
407,normal,train,normal_408.csv
408,normal,test,normal_409.csv
409,normal,train,normal_410.csv
410,normal,train,normal_411.csv
411,normal,train,normal_412.csv
412,normal,train,normal_413.csv
413,normal,test,normal_414.csv
414,normal,train,normal_415.csv
415,normal,test,normal_416.csv
416,normal,train,normal_417.csv
417,normal,test,normal_418.csv
418,normal,train,normal_419.csv
419,normal,train,normal_420.csv
420,normal,train,normal_421.csv
421,normal,train,normal_422.csv
422,normal,train,normal_423.csv
423,normal,test,normal_424.csv
424,normal,train,normal_425.csv
425,normal,test,normal_426.csv
426,normal,train,normal_427.csv
427,normal,train,normal_428.csv
428,normal,test,normal_429.csv
429,normal,test,normal_430.csv
430,normal,train,normal_431.csv
431,normal,test,normal_432.csv
432,normal,train,normal_433.csv
433,normal,train,normal_434.csv
434,normal,train,normal_435.csv
435,normal,train,normal_436.csv
436,normal,test,normal_437.csv
437,normal,test,normal_438.csv
438,normal,train,normal_439.csv
439,normal,test,normal_440.csv
440,normal,train,normal_441.csv
441,normal,test,normal_442.csv
442,normal,train,normal_443.csv
443,normal,train,normal_444.csv
444,normal,train,normal_445.csv
445,normal,test,normal_446.csv
446,normal,train,normal_447.csv
447,normal,train,normal_448.csv
448,normal,train,normal_449.csv
449,normal,test,normal_450.csv
450,normal,train,normal_451.csv
451,normal,train,normal_452.csv
452,normal,train,normal_453.csv
453,normal,test,normal_454.csv
454,normal,train,normal_455.csv
455,normal,train,normal_456.csv
456,normal,train,normal_457.csv
457,normal,train,normal_458.csv
458,normal,train,normal_459.csv
459,normal,test,normal_460.csv
460,normal,train,normal_461.csv
461,normal,train,normal_462.csv
462,normal,test,normal_463.csv
463,normal,train,normal_464.csv
464,normal,test,normal_465.csv
465,normal,train,normal_466.csv
466,normal,test,normal_467.csv
467,normal,train,normal_468.csv
468,normal,train,normal_469.csv
469,normal,test,normal_470.csv
470,normal,test,normal_471.csv
471,normal,train,normal_472.csv
472,normal,train,normal_473.csv
473,normal,test,normal_474.csv
474,normal,train,normal_475.csv
475,normal,test,normal_476.csv
476,normal,train,normal_477.csv
477,normal,train,normal_478.csv
478,normal,test,normal_479.csv
479,normal,train,normal_480.csv
480,normal,train,normal_481.csv
481,normal,train,normal_482.csv
482,normal,train,normal_483.csv
483,normal,test,normal_484.csv
484,normal,train,normal_485.csv
485,normal,train,normal_486.csv
486,normal,train,normal_487.csv
487,normal,test,normal_488.csv
488,normal,test,normal_489.csv
489,normal,test,normal_490.csv
490,normal,test,normal_491.csv
491,normal,train,normal_492.csv
492,normal,test,normal_493.csv
493,normal,train,normal_494.csv
494,normal,test,normal_495.csv
495,normal,train,normal_496.csv
496,normal,train,normal_497.csv
497,normal,train,normal_498.csv
498,normal,train,normal_499.csv
499,normal,train,normal_500.csv
500,noisy,test,noisy_001.csv
501,noisy,train,noisy_002.csv
502,noisy,train,noisy_003.csv
503,noisy,train,noisy_004.csv
504,noisy,test,noisy_005.csv
505,noisy,train,noisy_006.csv
506,noisy,train,noisy_007.csv
507,noisy,train,noisy_008.csv
508,noisy,train,noisy_009.csv
509,noisy,test,noisy_010.csv
510,noisy,train,noisy_011.csv
511,noisy,train,noisy_012.csv
512,noisy,test,noisy_013.csv
513,noisy,test,noisy_014.csv
514,noisy,test,noisy_015.csv
515,noisy,train,noisy_016.csv
516,noisy,train,noisy_017.csv
517,noisy,train,noisy_018.csv
518,noisy,train,noisy_019.csv
519,noisy,test,noisy_020.csv
520,noisy,train,noisy_021.csv
521,noisy,train,noisy_022.csv
522,noisy,test,noisy_023.csv
523,noisy,train,noisy_024.csv
524,noisy,train,noisy_025.csv
525,noisy,train,noisy_026.csv
526,noisy,train,noisy_027.csv
527,noisy,train,noisy_028.csv
528,noisy,train,noisy_029.csv
529,noisy,train,noisy_030.csv
530,noisy,train,noisy_031.csv
531,noisy,train,noisy_032.csv
532,noisy,train,noisy_033.csv
533,noisy,train,noisy_034.csv
534,noisy,test,noisy_035.csv
535,noisy,train,noisy_036.csv
536,noisy,train,noisy_037.csv
537,noisy,test,noisy_038.csv
538,noisy,test,noisy_039.csv
539,noisy,train,noisy_040.csv
540,noisy,train,noisy_041.csv
541,noisy,test,noisy_042.csv
542,noisy,train,noisy_043.csv
543,noisy,train,noisy_044.csv
544,noisy,train,noisy_045.csv
545,noisy,train,noisy_046.csv
546,noisy,test,noisy_047.csv
547,noisy,train,noisy_048.csv
548,noisy,train,noisy_049.csv
549,noisy,train,noisy_050.csv
550,noisy,train,noisy_051.csv
551,noisy,train,noisy_052.csv
552,noisy,train,noisy_053.csv
553,noisy,train,noisy_054.csv
554,noisy,train,noisy_055.csv
555,noisy,train,noisy_056.csv
556,noisy,train,noisy_057.csv
557,noisy,train,noisy_058.csv
558,noisy,train,noisy_059.csv
559,noisy,test,noisy_060.csv
560,noisy,train,noisy_061.csv
561,noisy,test,noisy_062.csv
562,noisy,test,noisy_063.csv
563,noisy,train,noisy_064.csv
564,noisy,train,noisy_065.csv
565,noisy,train,noisy_066.csv
566,noisy,test,noisy_067.csv
567,noisy,train,noisy_068.csv
568,noisy,test,noisy_069.csv
569,noisy,train,noisy_070.csv
570,noisy,train,noisy_071.csv
571,noisy,train,noisy_072.csv
572,noisy,train,noisy_073.csv
573,noisy,train,noisy_074.csv
574,noisy,train,noisy_075.csv
575,noisy,test,noisy_076.csv
576,noisy,train,noisy_077.csv
577,noisy,test,noisy_078.csv
578,noisy,train,noisy_079.csv
579,noisy,train,noisy_080.csv
580,noisy,train,noisy_081.csv
581,noisy,train,noisy_082.csv
582,noisy,train,noisy_083.csv
583,noisy,test,noisy_084.csv
584,noisy,train,noisy_085.csv
585,noisy,test,noisy_086.csv
586,noisy,train,noisy_087.csv
587,noisy,train,noisy_088.csv
588,noisy,test,noisy_089.csv
589,noisy,test,noisy_090.csv
590,noisy,train,noisy_091.csv
591,noisy,train,noisy_092.csv
592,noisy,train,noisy_093.csv
593,noisy,test,noisy_094.csv
594,noisy,test,noisy_095.csv
595,noisy,train,noisy_096.csv
596,noisy,test,noisy_097.csv
597,noisy,train,noisy_098.csv
598,noisy,train,noisy_099.csv
599,noisy,train,noisy_100.csv
600,noisy,test,noisy_101.csv
601,noisy,train,noisy_102.csv
602,noisy,train,noisy_103.csv
603,noisy,test,noisy_104.csv
604,noisy,train,noisy_105.csv
605,noisy,train,noisy_106.csv
606,noisy,train,noisy_107.csv
607,noisy,train,noisy_108.csv
608,noisy,train,noisy_109.csv
609,noisy,train,noisy_110.csv
610,noisy,test,noisy_111.csv
611,noisy,train,noisy_112.csv
612,noisy,test,noisy_113.csv
613,noisy,train,noisy_114.csv
614,noisy,train,noisy_115.csv
615,noisy,train,noisy_116.csv
616,noisy,train,noisy_117.csv
617,noisy,test,noisy_118.csv
618,noisy,train,noisy_119.csv
619,noisy,train,noisy_120.csv
620,noisy,train,noisy_121.csv
621,noisy,train,noisy_122.csv
622,noisy,train,noisy_123.csv
623,noisy,train,noisy_124.csv
624,noisy,test,noisy_125.csv
625,noisy,train,noisy_126.csv
626,noisy,train,noisy_127.csv
627,noisy,train,noisy_128.csv
628,noisy,train,noisy_129.csv
629,noisy,test,noisy_130.csv
630,noisy,train,noisy_131.csv
631,noisy,test,noisy_132.csv
632,noisy,train,noisy_133.csv
633,noisy,test,noisy_134.csv
634,noisy,train,noisy_135.csv
635,noisy,train,noisy_136.csv
636,noisy,test,noisy_137.csv
637,noisy,test,noisy_138.csv
638,noisy,test,noisy_139.csv
639,noisy,test,noisy_140.csv
640,noisy,train,noisy_141.csv
641,noisy,test,noisy_142.csv
642,noisy,test,noisy_143.csv
643,noisy,train,noisy_144.csv
644,noisy,test,noisy_145.csv
645,noisy,train,noisy_146.csv
646,noisy,train,noisy_147.csv
647,noisy,train,noisy_148.csv
648,noisy,train,noisy_149.csv
649,noisy,train,noisy_150.csv
650,noisy,train,noisy_151.csv
651,noisy,train,noisy_152.csv
652,noisy,test,noisy_153.csv
653,noisy,train,noisy_154.csv
654,noisy,train,noisy_155.csv
655,noisy,train,noisy_156.csv
656,noisy,test,noisy_157.csv
657,noisy,train,noisy_158.csv
658,noisy,train,noisy_159.csv
659,noisy,train,noisy_160.csv
660,noisy,test,noisy_161.csv
661,noisy,train,noisy_162.csv
662,noisy,train,noisy_163.csv
663,noisy,train,noisy_164.csv
664,noisy,test,noisy_165.csv
665,noisy,train,noisy_166.csv
666,noisy,train,noisy_167.csv
667,noisy,test,noisy_168.csv
668,noisy,train,noisy_169.csv
669,noisy,train,noisy_170.csv
670,noisy,train,noisy_171.csv
671,noisy,test,noisy_172.csv
672,noisy,train,noisy_173.csv
673,noisy,train,noisy_174.csv
674,noisy,train,noisy_175.csv
675,noisy,train,noisy_176.csv
676,noisy,train,noisy_177.csv
677,noisy,test,noisy_178.csv
678,noisy,test,noisy_179.csv
679,noisy,train,noisy_180.csv
680,noisy,train,noisy_181.csv
681,noisy,train,noisy_182.csv
682,noisy,train,noisy_183.csv
683,noisy,train,noisy_184.csv
684,noisy,train,noisy_185.csv
685,noisy,train,noisy_186.csv
686,noisy,train,noisy_187.csv
687,noisy,train,noisy_188.csv
688,noisy,train,noisy_189.csv
689,noisy,train,noisy_190.csv
690,noisy,train,noisy_191.csv
691,noisy,train,noisy_192.csv
692,noisy,train,noisy_193.csv
693,noisy,train,noisy_194.csv
694,noisy,train,noisy_195.csv
695,noisy,test,noisy_196.csv
696,noisy,train,noisy_197.csv
697,noisy,test,noisy_198.csv
698,noisy,train,noisy_199.csv
699,noisy,train,noisy_200.csv
700,noisy,train,noisy_201.csv
701,noisy,train,noisy_202.csv
702,noisy,train,noisy_203.csv
703,noisy,train,noisy_204.csv
704,noisy,train,noisy_205.csv
705,noisy,train,noisy_206.csv
706,noisy,train,noisy_207.csv
707,noisy,train,noisy_208.csv
708,noisy,train,noisy_209.csv
709,noisy,train,noisy_210.csv
710,noisy,train,noisy_211.csv
711,noisy,test,noisy_212.csv
712,noisy,test,noisy_213.csv
713,noisy,train,noisy_214.csv
714,noisy,train,noisy_215.csv
715,noisy,train,noisy_216.csv
716,noisy,train,noisy_217.csv
717,noisy,train,noisy_218.csv
718,noisy,train,noisy_219.csv
719,noisy,train,noisy_220.csv
720,noisy,train,noisy_221.csv
721,noisy,train,noisy_222.csv
722,noisy,train,noisy_223.csv
723,noisy,train,noisy_224.csv
724,noisy,test,noisy_225.csv
725,noisy,train,noisy_226.csv
726,noisy,train,noisy_227.csv
727,noisy,train,noisy_228.csv
728,noisy,test,noisy_229.csv
729,noisy,train,noisy_230.csv
730,noisy,test,noisy_231.csv
731,noisy,train,noisy_232.csv
732,noisy,train,noisy_233.csv
733,noisy,train,noisy_234.csv
734,noisy,train,noisy_235.csv
735,noisy,test,noisy_236.csv
736,noisy,test,noisy_237.csv
737,noisy,train,noisy_238.csv
738,noisy,train,noisy_239.csv
739,noisy,train,noisy_240.csv
740,noisy,train,noisy_241.csv
741,noisy,train,noisy_242.csv
742,noisy,train,noisy_243.csv
743,noisy,train,noisy_244.csv
744,noisy,train,noisy_245.csv
745,noisy,train,noisy_246.csv
746,noisy,train,noisy_247.csv
747,noisy,train,noisy_248.csv
748,noisy,train,noisy_249.csv
749,noisy,train,noisy_250.csv
750,noisy,train,noisy_251.csv
751,noisy,train,noisy_252.csv
752,noisy,train,noisy_253.csv
753,noisy,test,noisy_254.csv
754,noisy,train,noisy_255.csv
755,noisy,train,noisy_256.csv
756,noisy,train,noisy_257.csv
757,noisy,train,noisy_258.csv
758,noisy,test,noisy_259.csv
759,noisy,train,noisy_260.csv
760,noisy,test,noisy_261.csv
761,noisy,train,noisy_262.csv
762,noisy,train,noisy_263.csv
763,noisy,train,noisy_264.csv
764,noisy,test,noisy_265.csv
765,noisy,train,noisy_266.csv
766,noisy,test,noisy_267.csv
767,noisy,train,noisy_268.csv
768,noisy,train,noisy_269.csv
769,noisy,test,noisy_270.csv
770,noisy,train,noisy_271.csv
771,noisy,train,noisy_272.csv
772,noisy,test,noisy_273.csv
773,noisy,train,noisy_274.csv
774,noisy,test,noisy_275.csv
775,noisy,train,noisy_276.csv
776,noisy,train,noisy_277.csv
777,noisy,train,noisy_278.csv
778,noisy,train,noisy_279.csv
779,noisy,train,noisy_280.csv
780,noisy,train,noisy_281.csv
781,noisy,train,noisy_282.csv
782,noisy,train,noisy_283.csv
783,noisy,train,noisy_284.csv
784,noisy,train,noisy_285.csv
785,noisy,test,noisy_286.csv
786,noisy,train,noisy_287.csv
787,noisy,test,noisy_288.csv
788,noisy,test,noisy_289.csv
789,noisy,train,noisy_290.csv
790,noisy,test,noisy_291.csv
791,noisy,train,noisy_292.csv
792,noisy,test,noisy_293.csv
793,noisy,train,noisy_294.csv
794,noisy,test,noisy_295.csv
795,noisy,test,noisy_296.csv
796,noisy,train,noisy_297.csv
797,noisy,train,noisy_298.csv
798,noisy,train,noisy_299.csv
799,noisy,train,noisy_300.csv
800,noisy,train,noisy_301.csv
801,noisy,train,noisy_302.csv
802,noisy,train,noisy_303.csv
803,noisy,train,noisy_304.csv
804,noisy,test,noisy_305.csv
805,noisy,train,noisy_306.csv
806,noisy,train,noisy_307.csv
807,noisy,train,noisy_308.csv
808,noisy,test,noisy_309.csv
809,noisy,train,noisy_310.csv
810,noisy,train,noisy_311.csv
811,noisy,train,noisy_312.csv
812,noisy,train,noisy_313.csv
813,noisy,train,noisy_314.csv
814,noisy,train,noisy_315.csv
815,noisy,test,noisy_316.csv
816,noisy,train,noisy_317.csv
817,noisy,test,noisy_318.csv
818,noisy,test,noisy_319.csv
819,noisy,test,noisy_320.csv
820,noisy,test,noisy_321.csv
821,noisy,train,noisy_322.csv
822,noisy,train,noisy_323.csv
823,noisy,test,noisy_324.csv
824,noisy,train,noisy_325.csv
825,noisy,train,noisy_326.csv
826,noisy,train,noisy_327.csv
827,noisy,test,noisy_328.csv
828,noisy,test,noisy_329.csv
829,noisy,train,noisy_330.csv
830,noisy,train,noisy_331.csv
831,noisy,train,noisy_332.csv
832,noisy,test,noisy_333.csv
833,noisy,test,noisy_334.csv
834,noisy,train,noisy_335.csv
835,noisy,train,noisy_336.csv
836,noisy,train,noisy_337.csv
837,noisy,train,noisy_338.csv
838,noisy,test,noisy_339.csv
839,noisy,train,noisy_340.csv
840,noisy,train,noisy_341.csv
841,noisy,train,noisy_342.csv
842,noisy,train,noisy_343.csv
843,noisy,train,noisy_344.csv
844,noisy,train,noisy_345.csv
845,noisy,train,noisy_346.csv
846,noisy,train,noisy_347.csv
847,noisy,train,noisy_348.csv
848,noisy,test,noisy_349.csv
849,noisy,train,noisy_350.csv
850,noisy,train,noisy_351.csv
851,noisy,train,noisy_352.csv
852,noisy,test,noisy_353.csv
853,noisy,train,noisy_354.csv
854,noisy,train,noisy_355.csv
855,noisy,test,noisy_356.csv
856,noisy,train,noisy_357.csv
857,noisy,train,noisy_358.csv
858,noisy,train,noisy_359.csv
859,noisy,train,noisy_360.csv
860,noisy,test,noisy_361.csv
861,noisy,train,noisy_362.csv
862,noisy,train,noisy_363.csv
863,noisy,train,noisy_364.csv
864,noisy,train,noisy_365.csv
865,noisy,train,noisy_366.csv
866,noisy,train,noisy_367.csv
867,noisy,train,noisy_368.csv
868,noisy,train,noisy_369.csv
869,noisy,train,noisy_370.csv
870,noisy,train,noisy_371.csv
871,noisy,train,noisy_372.csv
872,noisy,test,noisy_373.csv
873,noisy,train,noisy_374.csv
874,noisy,train,noisy_375.csv
875,noisy,test,noisy_376.csv
876,noisy,train,noisy_377.csv
877,noisy,train,noisy_378.csv
878,noisy,test,noisy_379.csv
879,noisy,train,noisy_380.csv
880,noisy,train,noisy_381.csv
881,noisy,test,noisy_382.csv
882,noisy,train,noisy_383.csv
883,noisy,test,noisy_384.csv
884,noisy,test,noisy_385.csv
885,noisy,test,noisy_386.csv
886,noisy,train,noisy_387.csv
887,noisy,train,noisy_388.csv
888,noisy,train,noisy_389.csv
889,noisy,test,noisy_390.csv
890,noisy,train,noisy_391.csv
891,noisy,train,noisy_392.csv
892,noisy,train,noisy_393.csv
893,noisy,train,noisy_394.csv
894,noisy,test,noisy_395.csv
895,noisy,train,noisy_396.csv
896,noisy,train,noisy_397.csv
897,noisy,train,noisy_398.csv
898,noisy,test,noisy_399.csv
899,noisy,train,noisy_400.csv
900,noisy,train,noisy_401.csv
901,noisy,test,noisy_402.csv
902,noisy,train,noisy_403.csv
903,noisy,train,noisy_404.csv
904,noisy,test,noisy_405.csv
905,noisy,test,noisy_406.csv
906,noisy,test,noisy_407.csv
907,noisy,test,noisy_408.csv
908,noisy,train,noisy_409.csv
909,noisy,test,noisy_410.csv
910,noisy,train,noisy_411.csv
911,noisy,train,noisy_412.csv
912,noisy,train,noisy_413.csv
913,noisy,test,noisy_414.csv
914,noisy,train,noisy_415.csv
915,noisy,test,noisy_416.csv
916,noisy,train,noisy_417.csv
917,noisy,test,noisy_418.csv
918,noisy,test,noisy_419.csv
919,noisy,train,noisy_420.csv
920,noisy,train,noisy_421.csv
921,noisy,train,noisy_422.csv
922,noisy,train,noisy_423.csv
923,noisy,train,noisy_424.csv
924,noisy,train,noisy_425.csv
925,noisy,train,noisy_426.csv
926,noisy,train,noisy_427.csv
927,noisy,train,noisy_428.csv
928,noisy,train,noisy_429.csv
929,noisy,train,noisy_430.csv
930,noisy,train,noisy_431.csv
931,noisy,train,noisy_432.csv
932,noisy,test,noisy_433.csv
933,noisy,test,noisy_434.csv
934,noisy,train,noisy_435.csv
935,noisy,train,noisy_436.csv
936,noisy,train,noisy_437.csv
937,noisy,test,noisy_438.csv
938,noisy,test,noisy_439.csv
939,noisy,train,noisy_440.csv
940,noisy,train,noisy_441.csv
941,noisy,train,noisy_442.csv
942,noisy,train,noisy_443.csv
943,noisy,test,noisy_444.csv
944,noisy,train,noisy_445.csv
945,noisy,train,noisy_446.csv
946,noisy,train,noisy_447.csv
947,noisy,train,noisy_448.csv
948,noisy,train,noisy_449.csv
949,noisy,train,noisy_450.csv
950,noisy,train,noisy_451.csv
951,noisy,train,noisy_452.csv
952,noisy,train,noisy_453.csv
953,noisy,train,noisy_454.csv
954,noisy,train,noisy_455.csv
955,noisy,train,noisy_456.csv
956,noisy,test,noisy_457.csv
957,noisy,test,noisy_458.csv
958,noisy,test,noisy_459.csv
959,noisy,train,noisy_460.csv
960,noisy,train,noisy_461.csv
961,noisy,train,noisy_462.csv
962,noisy,train,noisy_463.csv
963,noisy,train,noisy_464.csv
964,noisy,train,noisy_465.csv
965,noisy,train,noisy_466.csv
966,noisy,train,noisy_467.csv
967,noisy,train,noisy_468.csv
968,noisy,train,noisy_469.csv
969,noisy,train,noisy_470.csv
970,noisy,train,noisy_471.csv
971,noisy,train,noisy_472.csv
972,noisy,train,noisy_473.csv
973,noisy,train,noisy_474.csv
974,noisy,train,noisy_475.csv
975,noisy,train,noisy_476.csv
976,noisy,train,noisy_477.csv
977,noisy,train,noisy_478.csv
978,noisy,train,noisy_479.csv
979,noisy,train,noisy_480.csv
980,noisy,train,noisy_481.csv
981,noisy,train,noisy_482.csv
982,noisy,train,noisy_483.csv
983,noisy,train,noisy_484.csv
984,noisy,train,noisy_485.csv
985,noisy,test,noisy_486.csv
986,noisy,test,noisy_487.csv
987,noisy,train,noisy_488.csv
988,noisy,train,noisy_489.csv
989,noisy,test,noisy_490.csv
990,noisy,train,noisy_491.csv
991,noisy,train,noisy_492.csv
992,noisy,train,noisy_493.csv
993,noisy,train,noisy_494.csv
994,noisy,test,noisy_495.csv
995,noisy,train,noisy_496.csv
996,noisy,train,noisy_497.csv
997,noisy,train,noisy_498.csv
998,noisy,train,noisy_499.csv
999,noisy,test,noisy_500.csv
1000,distorted,train,distorted_001.csv
1001,distorted,train,distorted_002.csv
1002,distorted,train,distorted_003.csv
1003,distorted,test,distorted_004.csv
1004,distorted,train,distorted_005.csv
1005,distorted,train,distorted_006.csv
1006,distorted,train,distorted_007.csv
1007,distorted,train,distorted_008.csv
1008,distorted,train,distorted_009.csv
1009,distorted,train,distorted_010.csv
1010,distorted,train,distorted_011.csv
1011,distorted,test,distorted_012.csv
1012,distorted,test,distorted_013.csv
1013,distorted,train,distorted_014.csv
1014,distorted,train,distorted_015.csv
1015,distorted,test,distorted_016.csv
1016,distorted,train,distorted_017.csv
1017,distorted,train,distorted_018.csv
1018,distorted,test,distorted_019.csv
1019,distorted,train,distorted_020.csv
1020,distorted,train,distorted_021.csv
1021,distorted,train,distorted_022.csv
1022,distorted,train,distorted_023.csv
1023,distorted,train,distorted_024.csv
1024,distorted,test,distorted_025.csv
1025,distorted,train,distorted_026.csv
1026,distorted,train,distorted_027.csv
1027,distorted,train,distorted_028.csv
1028,distorted,train,distorted_029.csv
1029,distorted,train,distorted_030.csv
1030,distorted,train,distorted_031.csv
1031,distorted,train,distorted_032.csv
1032,distorted,test,distorted_033.csv
1033,distorted,train,distorted_034.csv
1034,distorted,test,distorted_035.csv
1035,distorted,test,distorted_036.csv
1036,distorted,test,distorted_037.csv
1037,distorted,train,distorted_038.csv
1038,distorted,test,distorted_039.csv
1039,distorted,train,distorted_040.csv
1040,distorted,train,distorted_041.csv
1041,distorted,train,distorted_042.csv
1042,distorted,test,distorted_043.csv
1043,distorted,test,distorted_044.csv
1044,distorted,train,distorted_045.csv
1045,distorted,train,distorted_046.csv
1046,distorted,train,distorted_047.csv
1047,distorted,train,distorted_048.csv
1048,distorted,train,distorted_049.csv
1049,distorted,train,distorted_050.csv
1050,distorted,train,distorted_051.csv
1051,distorted,test,distorted_052.csv
1052,distorted,test,distorted_053.csv
1053,distorted,train,distorted_054.csv
1054,distorted,train,distorted_055.csv
1055,distorted,train,distorted_056.csv
1056,distorted,test,distorted_057.csv
1057,distorted,train,distorted_058.csv
1058,distorted,train,distorted_059.csv
1059,distorted,train,distorted_060.csv
1060,distorted,train,distorted_061.csv
1061,distorted,test,distorted_062.csv
1062,distorted,train,distorted_063.csv
1063,distorted,train,distorted_064.csv
1064,distorted,test,distorted_065.csv
1065,distorted,train,distorted_066.csv
1066,distorted,train,distorted_067.csv
1067,distorted,train,distorted_068.csv
1068,distorted,test,distorted_069.csv
1069,distorted,train,distorted_070.csv
1070,distorted,train,distorted_071.csv
1071,distorted,train,distorted_072.csv
1072,distorted,train,distorted_073.csv
1073,distorted,train,distorted_074.csv
1074,distorted,test,distorted_075.csv
1075,distorted,test,distorted_076.csv
1076,distorted,train,distorted_077.csv
1077,distorted,train,distorted_078.csv
1078,distorted,train,distorted_079.csv
1079,distorted,train,distorted_080.csv
1080,distorted,train,distorted_081.csv
1081,distorted,train,distorted_082.csv
1082,distorted,train,distorted_083.csv
1083,distorted,test,distorted_084.csv
1084,distorted,train,distorted_085.csv
1085,distorted,train,distorted_086.csv
1086,distorted,train,distorted_087.csv
1087,distorted,train,distorted_088.csv
1088,distorted,train,distorted_089.csv
1089,distorted,test,distorted_090.csv
1090,distorted,train,distorted_091.csv
1091,distorted,train,distorted_092.csv
1092,distorted,test,distorted_093.csv
1093,distorted,train,distorted_094.csv
1094,distorted,test,distorted_095.csv
1095,distorted,test,distorted_096.csv
1096,distorted,train,distorted_097.csv
1097,distorted,train,distorted_098.csv
1098,distorted,test,distorted_099.csv
1099,distorted,test,distorted_100.csv
1100,distorted,test,distorted_101.csv
1101,distorted,train,distorted_102.csv
1102,distorted,train,distorted_103.csv
1103,distorted,train,distorted_104.csv
1104,distorted,test,distorted_105.csv
1105,distorted,train,distorted_106.csv
1106,distorted,train,distorted_107.csv
1107,distorted,train,distorted_108.csv
1108,distorted,test,distorted_109.csv
1109,distorted,train,distorted_110.csv
1110,distorted,train,distorted_111.csv
1111,distorted,train,distorted_112.csv
1112,distorted,train,distorted_113.csv
1113,distorted,test,distorted_114.csv
1114,distorted,test,distorted_115.csv
1115,distorted,train,distorted_116.csv
1116,distorted,train,distorted_117.csv
1117,distorted,train,distorted_118.csv
1118,distorted,train,distorted_119.csv
1119,distorted,train,distorted_120.csv
1120,distorted,train,distorted_121.csv
1121,distorted,train,distorted_122.csv
1122,distorted,train,distorted_123.csv
1123,distorted,train,distorted_124.csv
1124,distorted,train,distorted_125.csv
1125,distorted,train,distorted_126.csv
1126,distorted,train,distorted_127.csv
1127,distorted,train,distorted_128.csv
1128,distorted,train,distorted_129.csv
1129,distorted,train,distorted_130.csv
1130,distorted,train,distorted_131.csv
1131,distorted,train,distorted_132.csv
1132,distorted,train,distorted_133.csv
1133,distorted,train,distorted_134.csv
1134,distorted,train,distorted_135.csv
1135,distorted,train,distorted_136.csv
1136,distorted,train,distorted_137.csv
1137,distorted,train,distorted_138.csv
1138,distorted,train,distorted_139.csv
1139,distorted,train,distorted_140.csv
1140,distorted,train,distorted_141.csv
1141,distorted,train,distorted_142.csv
1142,distorted,train,distorted_143.csv
1143,distorted,test,distorted_144.csv
1144,distorted,train,distorted_145.csv
1145,distorted,train,distorted_146.csv
1146,distorted,test,distorted_147.csv
1147,distorted,train,distorted_148.csv
1148,distorted,train,distorted_149.csv
1149,distorted,train,distorted_150.csv
1150,distorted,test,distorted_151.csv
1151,distorted,test,distorted_152.csv
1152,distorted,train,distorted_153.csv
1153,distorted,train,distorted_154.csv
1154,distorted,train,distorted_155.csv
1155,distorted,train,distorted_156.csv
1156,distorted,train,distorted_157.csv
1157,distorted,train,distorted_158.csv
1158,distorted,train,distorted_159.csv
1159,distorted,test,distorted_160.csv
1160,distorted,train,distorted_161.csv
1161,distorted,train,distorted_162.csv
1162,distorted,test,distorted_163.csv
1163,distorted,test,distorted_164.csv
1164,distorted,train,distorted_165.csv
1165,distorted,train,distorted_166.csv
1166,distorted,train,distorted_167.csv
1167,distorted,test,distorted_168.csv
1168,distorted,train,distorted_169.csv
1169,distorted,train,distorted_170.csv
1170,distorted,train,distorted_171.csv
1171,distorted,train,distorted_172.csv
1172,distorted,train,distorted_173.csv
1173,distorted,train,distorted_174.csv
1174,distorted,train,distorted_175.csv
1175,distorted,train,distorted_176.csv
1176,distorted,test,distorted_177.csv
1177,distorted,test,distorted_178.csv
1178,distorted,test,distorted_179.csv
1179,distorted,train,distorted_180.csv
1180,distorted,train,distorted_181.csv
1181,distorted,train,distorted_182.csv
1182,distorted,test,distorted_183.csv
1183,distorted,train,distorted_184.csv
1184,distorted,train,distorted_185.csv
1185,distorted,train,distorted_186.csv
1186,distorted,test,distorted_187.csv
1187,distorted,train,distorted_188.csv
1188,distorted,train,distorted_189.csv
1189,distorted,test,distorted_190.csv
1190,distorted,train,distorted_191.csv
1191,distorted,test,distorted_192.csv
1192,distorted,train,distorted_193.csv
1193,distorted,train,distorted_194.csv
1194,distorted,train,distorted_195.csv
1195,distorted,test,distorted_196.csv
1196,distorted,train,distorted_197.csv
1197,distorted,train,distorted_198.csv
1198,distorted,train,distorted_199.csv
1199,distorted,train,distorted_200.csv
1200,distorted,train,distorted_201.csv
1201,distorted,train,distorted_202.csv
1202,distorted,train,distorted_203.csv
1203,distorted,train,distorted_204.csv
1204,distorted,train,distorted_205.csv
1205,distorted,test,distorted_206.csv
1206,distorted,train,distorted_207.csv
1207,distorted,train,distorted_208.csv
1208,distorted,train,distorted_209.csv
1209,distorted,train,distorted_210.csv
1210,distorted,train,distorted_211.csv
1211,distorted,train,distorted_212.csv
1212,distorted,train,distorted_213.csv
1213,distorted,train,distorted_214.csv
1214,distorted,test,distorted_215.csv
1215,distorted,train,distorted_216.csv
1216,distorted,test,distorted_217.csv
1217,distorted,train,distorted_218.csv
1218,distorted,train,distorted_219.csv
1219,distorted,train,distorted_220.csv
1220,distorted,train,distorted_221.csv
1221,distorted,train,distorted_222.csv
1222,distorted,test,distorted_223.csv
1223,distorted,test,distorted_224.csv
1224,distorted,train,distorted_225.csv
1225,distorted,train,distorted_226.csv
1226,distorted,test,distorted_227.csv
1227,distorted,train,distorted_228.csv
1228,distorted,train,distorted_229.csv
1229,distorted,train,distorted_230.csv
1230,distorted,train,distorted_231.csv
1231,distorted,train,distorted_232.csv
1232,distorted,test,distorted_233.csv
1233,distorted,train,distorted_234.csv
1234,distorted,train,distorted_235.csv
1235,distorted,train,distorted_236.csv
1236,distorted,train,distorted_237.csv
1237,distorted,train,distorted_238.csv
1238,distorted,train,distorted_239.csv
1239,distorted,train,distorted_240.csv
1240,distorted,train,distorted_241.csv
1241,distorted,test,distorted_242.csv
1242,distorted,train,distorted_243.csv
1243,distorted,train,distorted_244.csv
1244,distorted,train,distorted_245.csv
1245,distorted,train,distorted_246.csv
1246,distorted,test,distorted_247.csv
1247,distorted,train,distorted_248.csv
1248,distorted,test,distorted_249.csv
1249,distorted,train,distorted_250.csv
1250,distorted,train,distorted_251.csv
1251,distorted,train,distorted_252.csv
1252,distorted,test,distorted_253.csv
1253,distorted,train,distorted_254.csv
1254,distorted,train,distorted_255.csv
1255,distorted,train,distorted_256.csv
1256,distorted,test,distorted_257.csv
1257,distorted,test,distorted_258.csv
1258,distorted,train,distorted_259.csv
1259,distorted,train,distorted_260.csv
1260,distorted,train,distorted_261.csv
1261,distorted,train,distorted_262.csv
1262,distorted,train,distorted_263.csv
1263,distorted,test,distorted_264.csv
1264,distorted,test,distorted_265.csv
1265,distorted,train,distorted_266.csv
1266,distorted,train,distorted_267.csv
1267,distorted,test,distorted_268.csv
1268,distorted,train,distorted_269.csv
1269,distorted,train,distorted_270.csv
1270,distorted,train,distorted_271.csv
1271,distorted,train,distorted_272.csv
1272,distorted,test,distorted_273.csv
1273,distorted,train,distorted_274.csv
1274,distorted,train,distorted_275.csv
1275,distorted,train,distorted_276.csv
1276,distorted,test,distorted_277.csv
1277,distorted,train,distorted_278.csv
1278,distorted,test,distorted_279.csv
1279,distorted,test,distorted_280.csv
1280,distorted,train,distorted_281.csv
1281,distorted,train,distorted_282.csv
1282,distorted,train,distorted_283.csv
1283,distorted,test,distorted_284.csv
1284,distorted,test,distorted_285.csv
1285,distorted,test,distorted_286.csv
1286,distorted,train,distorted_287.csv
1287,distorted,train,distorted_288.csv
1288,distorted,train,distorted_289.csv
1289,distorted,train,distorted_290.csv
1290,distorted,train,distorted_291.csv
1291,distorted,train,distorted_292.csv
1292,distorted,train,distorted_293.csv
1293,distorted,train,distorted_294.csv
1294,distorted,train,distorted_295.csv
1295,distorted,train,distorted_296.csv
1296,distorted,train,distorted_297.csv
1297,distorted,train,distorted_298.csv
1298,distorted,train,distorted_299.csv
1299,distorted,train,distorted_300.csv
1300,distorted,train,distorted_301.csv
1301,distorted,test,distorted_302.csv
1302,distorted,train,distorted_303.csv
1303,distorted,train,distorted_304.csv
1304,distorted,train,distorted_305.csv
1305,distorted,train,distorted_306.csv
1306,distorted,train,distorted_307.csv
1307,distorted,train,distorted_308.csv
1308,distorted,train,distorted_309.csv
1309,distorted,train,distorted_310.csv
1310,distorted,train,distorted_311.csv
1311,distorted,train,distorted_312.csv
1312,distorted,train,distorted_313.csv
1313,distorted,test,distorted_314.csv
1314,distorted,train,distorted_315.csv
1315,distorted,train,distorted_316.csv
1316,distorted,train,distorted_317.csv
1317,distorted,train,distorted_318.csv
1318,distorted,train,distorted_319.csv
1319,distorted,train,distorted_320.csv
1320,distorted,train,distorted_321.csv
1321,distorted,train,distorted_322.csv
1322,distorted,test,distorted_323.csv
1323,distorted,train,distorted_324.csv
1324,distorted,test,distorted_325.csv
1325,distorted,train,distorted_326.csv
1326,distorted,train,distorted_327.csv
1327,distorted,train,distorted_328.csv
1328,distorted,train,distorted_329.csv
1329,distorted,test,distorted_330.csv
1330,distorted,train,distorted_331.csv
1331,distorted,train,distorted_332.csv
1332,distorted,train,distorted_333.csv
1333,distorted,train,distorted_334.csv
1334,distorted,train,distorted_335.csv
1335,distorted,test,distorted_336.csv
1336,distorted,test,distorted_337.csv
1337,distorted,train,distorted_338.csv
1338,distorted,test,distorted_339.csv
1339,distorted,test,distorted_340.csv
1340,distorted,train,distorted_341.csv
1341,distorted,test,distorted_342.csv
1342,distorted,train,distorted_343.csv
1343,distorted,train,distorted_344.csv
1344,distorted,train,distorted_345.csv
1345,distorted,train,distorted_346.csv
1346,distorted,train,distorted_347.csv
1347,distorted,train,distorted_348.csv
1348,distorted,train,distorted_349.csv
1349,distorted,train,distorted_350.csv
1350,distorted,train,distorted_351.csv
1351,distorted,train,distorted_352.csv
1352,distorted,train,distorted_353.csv
1353,distorted,train,distorted_354.csv
1354,distorted,test,distorted_355.csv
1355,distorted,train,distorted_356.csv
1356,distorted,test,distorted_357.csv
1357,distorted,train,distorted_358.csv
1358,distorted,train,distorted_359.csv
1359,distorted,train,distorted_360.csv
1360,distorted,test,distorted_361.csv
1361,distorted,train,distorted_362.csv
1362,distorted,train,distorted_363.csv
1363,distorted,train,distorted_364.csv
1364,distorted,train,distorted_365.csv
1365,distorted,train,distorted_366.csv
1366,distorted,test,distorted_367.csv
1367,distorted,test,distorted_368.csv
1368,distorted,test,distorted_369.csv
1369,distorted,train,distorted_370.csv
1370,distorted,train,distorted_371.csv
1371,distorted,train,distorted_372.csv
1372,distorted,test,distorted_373.csv
1373,distorted,train,distorted_374.csv
1374,distorted,train,distorted_375.csv
1375,distorted,test,distorted_376.csv
1376,distorted,train,distorted_377.csv
1377,distorted,train,distorted_378.csv
1378,distorted,test,distorted_379.csv
1379,distorted,test,distorted_380.csv
1380,distorted,train,distorted_381.csv
1381,distorted,train,distorted_382.csv
1382,distorted,train,distorted_383.csv
1383,distorted,test,distorted_384.csv
1384,distorted,train,distorted_385.csv
1385,distorted,test,distorted_386.csv
1386,distorted,test,distorted_387.csv
1387,distorted,train,distorted_388.csv
1388,distorted,train,distorted_389.csv
1389,distorted,train,distorted_390.csv
1390,distorted,test,distorted_391.csv
1391,distorted,train,distorted_392.csv
1392,distorted,train,distorted_393.csv
1393,distorted,test,distorted_394.csv
1394,distorted,train,distorted_395.csv
1395,distorted,test,distorted_396.csv
1396,distorted,test,distorted_397.csv
1397,distorted,train,distorted_398.csv
1398,distorted,train,distorted_399.csv
1399,distorted,train,distorted_400.csv
1400,distorted,train,distorted_401.csv
1401,distorted,train,distorted_402.csv
1402,distorted,train,distorted_403.csv
1403,distorted,train,distorted_404.csv
1404,distorted,train,distorted_405.csv
1405,distorted,train,distorted_406.csv
1406,distorted,train,distorted_407.csv
1407,distorted,test,distorted_408.csv
1408,distorted,train,distorted_409.csv
1409,distorted,test,distorted_410.csv
1410,distorted,train,distorted_411.csv
1411,distorted,train,distorted_412.csv
1412,distorted,test,distorted_413.csv
1413,distorted,test,distorted_414.csv
1414,distorted,train,distorted_415.csv
1415,distorted,train,distorted_416.csv
1416,distorted,test,distorted_417.csv
1417,distorted,test,distorted_418.csv
1418,distorted,train,distorted_419.csv
1419,distorted,test,distorted_420.csv
1420,distorted,train,distorted_421.csv
1421,distorted,train,distorted_422.csv
1422,distorted,test,distorted_423.csv
1423,distorted,train,distorted_424.csv
1424,distorted,train,distorted_425.csv
1425,distorted,train,distorted_426.csv
1426,distorted,test,distorted_427.csv
1427,distorted,test,distorted_428.csv
1428,distorted,train,distorted_429.csv
1429,distorted,train,distorted_430.csv
1430,distorted,train,distorted_431.csv
1431,distorted,train,distorted_432.csv
1432,distorted,train,distorted_433.csv
1433,distorted,train,distorted_434.csv
1434,distorted,train,distorted_435.csv
1435,distorted,train,distorted_436.csv
1436,distorted,test,distorted_437.csv
1437,distorted,train,distorted_438.csv
1438,distorted,train,distorted_439.csv
1439,distorted,train,distorted_440.csv
1440,distorted,train,distorted_441.csv
1441,distorted,test,distorted_442.csv
1442,distorted,train,distorted_443.csv
1443,distorted,train,distorted_444.csv
1444,distorted,test,distorted_445.csv
1445,distorted,train,distorted_446.csv
1446,distorted,train,distorted_447.csv
1447,distorted,test,distorted_448.csv
1448,distorted,train,distorted_449.csv
1449,distorted,train,distorted_450.csv
1450,distorted,train,distorted_451.csv
1451,distorted,train,distorted_452.csv
1452,distorted,test,distorted_453.csv
1453,distorted,train,distorted_454.csv
1454,distorted,train,distorted_455.csv
1455,distorted,train,distorted_456.csv
1456,distorted,train,distorted_457.csv
1457,distorted,train,distorted_458.csv
1458,distorted,train,distorted_459.csv
1459,distorted,train,distorted_460.csv
1460,distorted,train,distorted_461.csv
1461,distorted,train,distorted_462.csv
1462,distorted,test,distorted_463.csv
1463,distorted,train,distorted_464.csv
1464,distorted,train,distorted_465.csv
1465,distorted,train,distorted_466.csv
1466,distorted,train,distorted_467.csv
1467,distorted,train,distorted_468.csv
1468,distorted,train,distorted_469.csv
1469,distorted,train,distorted_470.csv
1470,distorted,train,distorted_471.csv
1471,distorted,test,distorted_472.csv
1472,distorted,train,distorted_473.csv
1473,distorted,test,distorted_474.csv
1474,distorted,test,distorted_475.csv
1475,distorted,test,distorted_476.csv
1476,distorted,test,distorted_477.csv
1477,distorted,train,distorted_478.csv
1478,distorted,train,distorted_479.csv
1479,distorted,train,distorted_480.csv
1480,distorted,train,distorted_481.csv
1481,distorted,test,distorted_482.csv
1482,distorted,test,distorted_483.csv
1483,distorted,train,distorted_484.csv
1484,distorted,train,distorted_485.csv
1485,distorted,train,distorted_486.csv
1486,distorted,test,distorted_487.csv
1487,distorted,train,distorted_488.csv
1488,distorted,train,distorted_489.csv
1489,distorted,train,distorted_490.csv
1490,distorted,train,distorted_491.csv
1491,distorted,train,distorted_492.csv
1492,distorted,test,distorted_493.csv
1493,distorted,train,distorted_494.csv
1494,distorted,train,distorted_495.csv
1495,distorted,train,distorted_496.csv
1496,distorted,train,distorted_497.csv
1497,distorted,test,distorted_498.csv
1498,distorted,train,distorted_499.csv
1499,distorted,train,distorted_500.csv
1500,anomalous,train,anomalous_001.csv
1501,anomalous,test,anomalous_002.csv
1502,anomalous,train,anomalous_003.csv
1503,anomalous,train,anomalous_004.csv
1504,anomalous,train,anomalous_005.csv
1505,anomalous,train,anomalous_006.csv
1506,anomalous,train,anomalous_007.csv
1507,anomalous,train,anomalous_008.csv
1508,anomalous,test,anomalous_009.csv
1509,anomalous,train,anomalous_010.csv
1510,anomalous,train,anomalous_011.csv
1511,anomalous,train,anomalous_012.csv
1512,anomalous,train,anomalous_013.csv
1513,anomalous,test,anomalous_014.csv
1514,anomalous,test,anomalous_015.csv
1515,anomalous,train,anomalous_016.csv
1516,anomalous,train,anomalous_017.csv
1517,anomalous,train,anomalous_018.csv
1518,anomalous,train,anomalous_019.csv
1519,anomalous,train,anomalous_020.csv
1520,anomalous,test,anomalous_021.csv
1521,anomalous,test,anomalous_022.csv
1522,anomalous,train,anomalous_023.csv
1523,anomalous,train,anomalous_024.csv
1524,anomalous,train,anomalous_025.csv
1525,anomalous,train,anomalous_026.csv
1526,anomalous,train,anomalous_027.csv
1527,anomalous,train,anomalous_028.csv
1528,anomalous,train,anomalous_029.csv
1529,anomalous,train,anomalous_030.csv
1530,anomalous,train,anomalous_031.csv
1531,anomalous,train,anomalous_032.csv
1532,anomalous,train,anomalous_033.csv
1533,anomalous,train,anomalous_034.csv
1534,anomalous,test,anomalous_035.csv
1535,anomalous,train,anomalous_036.csv
1536,anomalous,train,anomalous_037.csv
1537,anomalous,train,anomalous_038.csv
1538,anomalous,train,anomalous_039.csv
1539,anomalous,train,anomalous_040.csv
1540,anomalous,test,anomalous_041.csv
1541,anomalous,train,anomalous_042.csv
1542,anomalous,train,anomalous_043.csv
1543,anomalous,test,anomalous_044.csv
1544,anomalous,train,anomalous_045.csv
1545,anomalous,train,anomalous_046.csv
1546,anomalous,train,anomalous_047.csv
1547,anomalous,train,anomalous_048.csv
1548,anomalous,test,anomalous_049.csv
1549,anomalous,test,anomalous_050.csv
1550,anomalous,test,anomalous_051.csv
1551,anomalous,train,anomalous_052.csv
1552,anomalous,test,anomalous_053.csv
1553,anomalous,test,anomalous_054.csv
1554,anomalous,test,anomalous_055.csv
1555,anomalous,train,anomalous_056.csv
1556,anomalous,train,anomalous_057.csv
1557,anomalous,train,anomalous_058.csv
1558,anomalous,test,anomalous_059.csv
1559,anomalous,train,anomalous_060.csv
1560,anomalous,train,anomalous_061.csv
1561,anomalous,train,anomalous_062.csv
1562,anomalous,test,anomalous_063.csv
1563,anomalous,train,anomalous_064.csv
1564,anomalous,test,anomalous_065.csv
1565,anomalous,train,anomalous_066.csv
1566,anomalous,train,anomalous_067.csv
1567,anomalous,train,anomalous_068.csv
1568,anomalous,train,anomalous_069.csv
1569,anomalous,train,anomalous_070.csv
1570,anomalous,train,anomalous_071.csv
1571,anomalous,test,anomalous_072.csv
1572,anomalous,train,anomalous_073.csv
1573,anomalous,train,anomalous_074.csv
1574,anomalous,train,anomalous_075.csv
1575,anomalous,train,anomalous_076.csv
1576,anomalous,train,anomalous_077.csv
1577,anomalous,train,anomalous_078.csv
1578,anomalous,train,anomalous_079.csv
1579,anomalous,train,anomalous_080.csv
1580,anomalous,test,anomalous_081.csv
1581,anomalous,train,anomalous_082.csv
1582,anomalous,train,anomalous_083.csv
1583,anomalous,train,anomalous_084.csv
1584,anomalous,train,anomalous_085.csv
1585,anomalous,train,anomalous_086.csv
1586,anomalous,train,anomalous_087.csv
1587,anomalous,test,anomalous_088.csv
1588,anomalous,test,anomalous_089.csv
1589,anomalous,train,anomalous_090.csv
1590,anomalous,train,anomalous_091.csv
1591,anomalous,test,anomalous_092.csv
1592,anomalous,train,anomalous_093.csv
1593,anomalous,train,anomalous_094.csv
1594,anomalous,train,anomalous_095.csv
1595,anomalous,train,anomalous_096.csv
1596,anomalous,train,anomalous_097.csv
1597,anomalous,train,anomalous_098.csv
1598,anomalous,train,anomalous_099.csv
1599,anomalous,test,anomalous_100.csv
1600,anomalous,train,anomalous_101.csv
1601,anomalous,train,anomalous_102.csv
1602,anomalous,test,anomalous_103.csv
1603,anomalous,train,anomalous_104.csv
1604,anomalous,train,anomalous_105.csv
1605,anomalous,test,anomalous_106.csv
1606,anomalous,test,anomalous_107.csv
1607,anomalous,train,anomalous_108.csv
1608,anomalous,train,anomalous_109.csv
1609,anomalous,train,anomalous_110.csv
1610,anomalous,train,anomalous_111.csv
1611,anomalous,train,anomalous_112.csv
1612,anomalous,train,anomalous_113.csv
1613,anomalous,train,anomalous_114.csv
1614,anomalous,train,anomalous_115.csv
1615,anomalous,train,anomalous_116.csv
1616,anomalous,train,anomalous_117.csv
1617,anomalous,train,anomalous_118.csv
1618,anomalous,train,anomalous_119.csv
1619,anomalous,train,anomalous_120.csv
1620,anomalous,train,anomalous_121.csv
1621,anomalous,test,anomalous_122.csv
1622,anomalous,train,anomalous_123.csv
1623,anomalous,train,anomalous_124.csv
1624,anomalous,train,anomalous_125.csv
1625,anomalous,train,anomalous_126.csv
1626,anomalous,train,anomalous_127.csv
1627,anomalous,train,anomalous_128.csv
1628,anomalous,test,anomalous_129.csv
1629,anomalous,train,anomalous_130.csv
1630,anomalous,test,anomalous_131.csv
1631,anomalous,train,anomalous_132.csv
1632,anomalous,train,anomalous_133.csv
1633,anomalous,train,anomalous_134.csv
1634,anomalous,test,anomalous_135.csv
1635,anomalous,test,anomalous_136.csv
1636,anomalous,train,anomalous_137.csv
1637,anomalous,train,anomalous_138.csv
1638,anomalous,test,anomalous_139.csv
1639,anomalous,train,anomalous_140.csv
1640,anomalous,train,anomalous_141.csv
1641,anomalous,train,anomalous_142.csv
1642,anomalous,train,anomalous_143.csv
1643,anomalous,train,anomalous_144.csv
1644,anomalous,train,anomalous_145.csv
1645,anomalous,train,anomalous_146.csv
1646,anomalous,train,anomalous_147.csv
1647,anomalous,train,anomalous_148.csv
1648,anomalous,train,anomalous_149.csv
1649,anomalous,test,anomalous_150.csv
1650,anomalous,train,anomalous_151.csv
1651,anomalous,test,anomalous_152.csv
1652,anomalous,train,anomalous_153.csv
1653,anomalous,train,anomalous_154.csv
1654,anomalous,train,anomalous_155.csv
1655,anomalous,train,anomalous_156.csv
1656,anomalous,test,anomalous_157.csv
1657,anomalous,train,anomalous_158.csv
1658,anomalous,train,anomalous_159.csv
1659,anomalous,train,anomalous_160.csv
1660,anomalous,test,anomalous_161.csv
1661,anomalous,test,anomalous_162.csv
1662,anomalous,test,anomalous_163.csv
1663,anomalous,train,anomalous_164.csv
1664,anomalous,train,anomalous_165.csv
1665,anomalous,train,anomalous_166.csv
1666,anomalous,test,anomalous_167.csv
1667,anomalous,train,anomalous_168.csv
1668,anomalous,train,anomalous_169.csv
1669,anomalous,test,anomalous_170.csv
1670,anomalous,train,anomalous_171.csv
1671,anomalous,train,anomalous_172.csv
1672,anomalous,train,anomalous_173.csv
1673,anomalous,train,anomalous_174.csv
1674,anomalous,test,anomalous_175.csv
1675,anomalous,train,anomalous_176.csv
1676,anomalous,train,anomalous_177.csv
1677,anomalous,train,anomalous_178.csv
1678,anomalous,train,anomalous_179.csv
1679,anomalous,train,anomalous_180.csv
1680,anomalous,train,anomalous_181.csv
1681,anomalous,train,anomalous_182.csv
1682,anomalous,train,anomalous_183.csv
1683,anomalous,train,anomalous_184.csv
1684,anomalous,train,anomalous_185.csv
1685,anomalous,train,anomalous_186.csv
1686,anomalous,train,anomalous_187.csv
1687,anomalous,test,anomalous_188.csv
1688,anomalous,test,anomalous_189.csv
1689,anomalous,test,anomalous_190.csv
1690,anomalous,test,anomalous_191.csv
1691,anomalous,test,anomalous_192.csv
1692,anomalous,train,anomalous_193.csv
1693,anomalous,train,anomalous_194.csv
1694,anomalous,train,anomalous_195.csv
1695,anomalous,train,anomalous_196.csv
1696,anomalous,train,anomalous_197.csv
1697,anomalous,train,anomalous_198.csv
1698,anomalous,train,anomalous_199.csv
1699,anomalous,train,anomalous_200.csv
1700,anomalous,train,anomalous_201.csv
1701,anomalous,test,anomalous_202.csv
1702,anomalous,train,anomalous_203.csv
1703,anomalous,train,anomalous_204.csv
1704,anomalous,train,anomalous_205.csv
1705,anomalous,test,anomalous_206.csv
1706,anomalous,train,anomalous_207.csv
1707,anomalous,test,anomalous_208.csv
1708,anomalous,train,anomalous_209.csv
1709,anomalous,train,anomalous_210.csv
1710,anomalous,train,anomalous_211.csv
1711,anomalous,train,anomalous_212.csv
1712,anomalous,test,anomalous_213.csv
1713,anomalous,train,anomalous_214.csv
1714,anomalous,test,anomalous_215.csv
1715,anomalous,train,anomalous_216.csv
1716,anomalous,test,anomalous_217.csv
1717,anomalous,test,anomalous_218.csv
1718,anomalous,train,anomalous_219.csv
1719,anomalous,train,anomalous_220.csv
1720,anomalous,train,anomalous_221.csv
1721,anomalous,train,anomalous_222.csv
1722,anomalous,train,anomalous_223.csv
1723,anomalous,train,anomalous_224.csv
1724,anomalous,train,anomalous_225.csv
1725,anomalous,train,anomalous_226.csv
1726,anomalous,train,anomalous_227.csv
1727,anomalous,train,anomalous_228.csv
1728,anomalous,train,anomalous_229.csv
1729,anomalous,train,anomalous_230.csv
1730,anomalous,train,anomalous_231.csv
1731,anomalous,train,anomalous_232.csv
1732,anomalous,train,anomalous_233.csv
1733,anomalous,train,anomalous_234.csv
1734,anomalous,train,anomalous_235.csv
1735,anomalous,test,anomalous_236.csv
1736,anomalous,test,anomalous_237.csv
1737,anomalous,train,anomalous_238.csv
1738,anomalous,train,anomalous_239.csv
1739,anomalous,train,anomalous_240.csv
1740,anomalous,train,anomalous_241.csv
1741,anomalous,test,anomalous_242.csv
1742,anomalous,train,anomalous_243.csv
1743,anomalous,test,anomalous_244.csv
1744,anomalous,train,anomalous_245.csv
1745,anomalous,train,anomalous_246.csv
1746,anomalous,train,anomalous_247.csv
1747,anomalous,train,anomalous_248.csv
1748,anomalous,train,anomalous_249.csv
1749,anomalous,train,anomalous_250.csv
1750,anomalous,train,anomalous_251.csv
1751,anomalous,test,anomalous_252.csv
1752,anomalous,test,anomalous_253.csv
1753,anomalous,train,anomalous_254.csv
1754,anomalous,train,anomalous_255.csv
1755,anomalous,train,anomalous_256.csv
1756,anomalous,train,anomalous_257.csv
1757,anomalous,test,anomalous_258.csv
1758,anomalous,train,anomalous_259.csv
1759,anomalous,test,anomalous_260.csv
1760,anomalous,train,anomalous_261.csv
1761,anomalous,train,anomalous_262.csv
1762,anomalous,train,anomalous_263.csv
1763,anomalous,test,anomalous_264.csv
1764,anomalous,test,anomalous_265.csv
1765,anomalous,train,anomalous_266.csv
1766,anomalous,train,anomalous_267.csv
1767,anomalous,train,anomalous_268.csv
1768,anomalous,train,anomalous_269.csv
1769,anomalous,test,anomalous_270.csv
1770,anomalous,test,anomalous_271.csv
1771,anomalous,train,anomalous_272.csv
1772,anomalous,train,anomalous_273.csv
1773,anomalous,test,anomalous_274.csv
1774,anomalous,train,anomalous_275.csv
1775,anomalous,train,anomalous_276.csv
1776,anomalous,test,anomalous_277.csv
1777,anomalous,train,anomalous_278.csv
1778,anomalous,train,anomalous_279.csv
1779,anomalous,test,anomalous_280.csv
1780,anomalous,train,anomalous_281.csv
1781,anomalous,train,anomalous_282.csv
1782,anomalous,train,anomalous_283.csv
1783,anomalous,train,anomalous_284.csv
1784,anomalous,train,anomalous_285.csv
1785,anomalous,train,anomalous_286.csv
1786,anomalous,train,anomalous_287.csv
1787,anomalous,train,anomalous_288.csv
1788,anomalous,train,anomalous_289.csv
1789,anomalous,train,anomalous_290.csv
1790,anomalous,train,anomalous_291.csv
1791,anomalous,train,anomalous_292.csv
1792,anomalous,train,anomalous_293.csv
1793,anomalous,test,anomalous_294.csv
1794,anomalous,train,anomalous_295.csv
1795,anomalous,test,anomalous_296.csv
1796,anomalous,train,anomalous_297.csv
1797,anomalous,train,anomalous_298.csv
1798,anomalous,train,anomalous_299.csv
1799,anomalous,train,anomalous_300.csv
1800,anomalous,test,anomalous_301.csv
1801,anomalous,train,anomalous_302.csv
1802,anomalous,train,anomalous_303.csv
1803,anomalous,test,anomalous_304.csv
1804,anomalous,train,anomalous_305.csv
1805,anomalous,train,anomalous_306.csv
1806,anomalous,test,anomalous_307.csv
1807,anomalous,train,anomalous_308.csv
1808,anomalous,test,anomalous_309.csv
1809,anomalous,test,anomalous_310.csv
1810,anomalous,train,anomalous_311.csv
1811,anomalous,train,anomalous_312.csv
1812,anomalous,train,anomalous_313.csv
1813,anomalous,test,anomalous_314.csv
1814,anomalous,train,anomalous_315.csv
1815,anomalous,test,anomalous_316.csv
1816,anomalous,train,anomalous_317.csv
1817,anomalous,train,anomalous_318.csv
1818,anomalous,train,anomalous_319.csv
1819,anomalous,test,anomalous_320.csv
1820,anomalous,train,anomalous_321.csv
1821,anomalous,train,anomalous_322.csv
1822,anomalous,train,anomalous_323.csv
1823,anomalous,train,anomalous_324.csv
1824,anomalous,train,anomalous_325.csv
1825,anomalous,train,anomalous_326.csv
1826,anomalous,test,anomalous_327.csv
1827,anomalous,train,anomalous_328.csv
1828,anomalous,test,anomalous_329.csv
1829,anomalous,train,anomalous_330.csv
1830,anomalous,test,anomalous_331.csv
1831,anomalous,train,anomalous_332.csv
1832,anomalous,train,anomalous_333.csv
1833,anomalous,train,anomalous_334.csv
1834,anomalous,train,anomalous_335.csv
1835,anomalous,train,anomalous_336.csv
1836,anomalous,train,anomalous_337.csv
1837,anomalous,test,anomalous_338.csv
1838,anomalous,train,anomalous_339.csv
1839,anomalous,test,anomalous_340.csv
1840,anomalous,train,anomalous_341.csv
1841,anomalous,train,anomalous_342.csv
1842,anomalous,train,anomalous_343.csv
1843,anomalous,test,anomalous_344.csv
1844,anomalous,test,anomalous_345.csv
1845,anomalous,test,anomalous_346.csv
1846,anomalous,train,anomalous_347.csv
1847,anomalous,train,anomalous_348.csv
1848,anomalous,test,anomalous_349.csv
1849,anomalous,train,anomalous_350.csv
1850,anomalous,test,anomalous_351.csv
1851,anomalous,train,anomalous_352.csv
1852,anomalous,train,anomalous_353.csv
1853,anomalous,train,anomalous_354.csv
1854,anomalous,train,anomalous_355.csv
1855,anomalous,train,anomalous_356.csv
1856,anomalous,train,anomalous_357.csv
1857,anomalous,train,anomalous_358.csv
1858,anomalous,train,anomalous_359.csv
1859,anomalous,test,anomalous_360.csv
1860,anomalous,train,anomalous_361.csv
1861,anomalous,train,anomalous_362.csv
1862,anomalous,train,anomalous_363.csv
1863,anomalous,test,anomalous_364.csv
1864,anomalous,train,anomalous_365.csv
1865,anomalous,train,anomalous_366.csv
1866,anomalous,test,anomalous_367.csv
1867,anomalous,train,anomalous_368.csv
1868,anomalous,train,anomalous_369.csv
1869,anomalous,train,anomalous_370.csv
1870,anomalous,train,anomalous_371.csv
1871,anomalous,train,anomalous_372.csv
1872,anomalous,test,anomalous_373.csv
1873,anomalous,train,anomalous_374.csv
1874,anomalous,train,anomalous_375.csv
1875,anomalous,train,anomalous_376.csv
1876,anomalous,train,anomalous_377.csv
1877,anomalous,train,anomalous_378.csv
1878,anomalous,train,anomalous_379.csv
1879,anomalous,test,anomalous_380.csv
1880,anomalous,train,anomalous_381.csv
1881,anomalous,train,anomalous_382.csv
1882,anomalous,train,anomalous_383.csv
1883,anomalous,train,anomalous_384.csv
1884,anomalous,train,anomalous_385.csv
1885,anomalous,test,anomalous_386.csv
1886,anomalous,train,anomalous_387.csv
1887,anomalous,test,anomalous_388.csv
1888,anomalous,train,anomalous_389.csv
1889,anomalous,test,anomalous_390.csv
1890,anomalous,train,anomalous_391.csv
1891,anomalous,train,anomalous_392.csv
1892,anomalous,train,anomalous_393.csv
1893,anomalous,train,anomalous_394.csv
1894,anomalous,train,anomalous_395.csv
1895,anomalous,train,anomalous_396.csv
1896,anomalous,train,anomalous_397.csv
1897,anomalous,train,anomalous_398.csv
1898,anomalous,train,anomalous_399.csv
1899,anomalous,train,anomalous_400.csv
1900,anomalous,train,anomalous_401.csv
1901,anomalous,test,anomalous_402.csv
1902,anomalous,train,anomalous_403.csv
1903,anomalous,test,anomalous_404.csv
1904,anomalous,train,anomalous_405.csv
1905,anomalous,train,anomalous_406.csv
1906,anomalous,train,anomalous_407.csv
1907,anomalous,train,anomalous_408.csv
1908,anomalous,train,anomalous_409.csv
1909,anomalous,train,anomalous_410.csv
1910,anomalous,train,anomalous_411.csv
1911,anomalous,train,anomalous_412.csv
1912,anomalous,train,anomalous_413.csv
1913,anomalous,test,anomalous_414.csv
1914,anomalous,train,anomalous_415.csv
1915,anomalous,train,anomalous_416.csv
1916,anomalous,train,anomalous_417.csv
1917,anomalous,train,anomalous_418.csv
1918,anomalous,train,anomalous_419.csv
1919,anomalous,test,anomalous_420.csv
1920,anomalous,train,anomalous_421.csv
1921,anomalous,train,anomalous_422.csv
1922,anomalous,train,anomalous_423.csv
1923,anomalous,train,anomalous_424.csv
1924,anomalous,train,anomalous_425.csv
1925,anomalous,test,anomalous_426.csv
1926,anomalous,train,anomalous_427.csv
1927,anomalous,test,anomalous_428.csv
1928,anomalous,train,anomalous_429.csv
1929,anomalous,train,anomalous_430.csv
1930,anomalous,test,anomalous_431.csv
1931,anomalous,train,anomalous_432.csv
1932,anomalous,train,anomalous_433.csv
1933,anomalous,train,anomalous_434.csv
1934,anomalous,test,anomalous_435.csv
1935,anomalous,test,anomalous_436.csv
1936,anomalous,train,anomalous_437.csv
1937,anomalous,train,anomalous_438.csv
1938,anomalous,train,anomalous_439.csv
1939,anomalous,train,anomalous_440.csv
1940,anomalous,train,anomalous_441.csv
1941,anomalous,test,anomalous_442.csv
1942,anomalous,train,anomalous_443.csv
1943,anomalous,test,anomalous_444.csv
1944,anomalous,train,anomalous_445.csv
1945,anomalous,test,anomalous_446.csv
1946,anomalous,train,anomalous_447.csv
1947,anomalous,train,anomalous_448.csv
1948,anomalous,train,anomalous_449.csv
1949,anomalous,train,anomalous_450.csv
1950,anomalous,train,anomalous_451.csv
1951,anomalous,train,anomalous_452.csv
1952,anomalous,train,anomalous_453.csv
1953,anomalous,train,anomalous_454.csv
1954,anomalous,train,anomalous_455.csv
1955,anomalous,train,anomalous_456.csv
1956,anomalous,test,anomalous_457.csv
1957,anomalous,test,anomalous_458.csv
1958,anomalous,test,anomalous_459.csv
1959,anomalous,test,anomalous_460.csv
1960,anomalous,train,anomalous_461.csv
1961,anomalous,train,anomalous_462.csv
1962,anomalous,train,anomalous_463.csv
1963,anomalous,test,anomalous_464.csv
1964,anomalous,train,anomalous_465.csv
1965,anomalous,train,anomalous_466.csv
1966,anomalous,test,anomalous_467.csv
1967,anomalous,train,anomalous_468.csv
1968,anomalous,test,anomalous_469.csv
1969,anomalous,train,anomalous_470.csv
1970,anomalous,train,anomalous_471.csv
1971,anomalous,train,anomalous_472.csv
1972,anomalous,train,anomalous_473.csv
1973,anomalous,test,anomalous_474.csv
1974,anomalous,train,anomalous_475.csv
1975,anomalous,train,anomalous_476.csv
1976,anomalous,test,anomalous_477.csv
1977,anomalous,train,anomalous_478.csv
1978,anomalous,train,anomalous_479.csv
1979,anomalous,train,anomalous_480.csv
1980,anomalous,test,anomalous_481.csv
1981,anomalous,train,anomalous_482.csv
1982,anomalous,test,anomalous_483.csv
1983,anomalous,train,anomalous_484.csv
1984,anomalous,train,anomalous_485.csv
1985,anomalous,train,anomalous_486.csv
1986,anomalous,test,anomalous_487.csv
1987,anomalous,train,anomalous_488.csv
1988,anomalous,test,anomalous_489.csv
1989,anomalous,train,anomalous_490.csv
1990,anomalous,train,anomalous_491.csv
1991,anomalous,train,anomalous_492.csv
1992,anomalous,test,anomalous_493.csv
1993,anomalous,train,anomalous_494.csv
1994,anomalous,train,anomalous_495.csv
1995,anomalous,train,anomalous_496.csv
1996,anomalous,test,anomalous_497.csv
1997,anomalous,train,anomalous_498.csv
1998,anomalous,train,anomalous_499.csv
1999,anomalous,test,anomalous_500.csv
